-- MySQL dump 10.13  Distrib 9.5.0, for macos15.7 (arm64)
--
-- Host: localhost    Database: clio
-- ------------------------------------------------------
-- Server version	9.5.0

/*!40101 SET @OLD_CHARACTER_SET_CLIENT=@@CHARACTER_SET_CLIENT */;
/*!40101 SET @OLD_CHARACTER_SET_RESULTS=@@CHARACTER_SET_RESULTS */;
/*!40101 SET @OLD_COLLATION_CONNECTION=@@COLLATION_CONNECTION */;
/*!50503 SET NAMES utf8mb4 */;
/*!40103 SET @OLD_TIME_ZONE=@@TIME_ZONE */;
/*!40103 SET TIME_ZONE='+00:00' */;
/*!40014 SET @OLD_UNIQUE_CHECKS=@@UNIQUE_CHECKS, UNIQUE_CHECKS=0 */;
/*!40014 SET @OLD_FOREIGN_KEY_CHECKS=@@FOREIGN_KEY_CHECKS, FOREIGN_KEY_CHECKS=0 */;
/*!40101 SET @OLD_SQL_MODE=@@SQL_MODE, SQL_MODE='NO_AUTO_VALUE_ON_ZERO' */;
/*!40111 SET @OLD_SQL_NOTES=@@SQL_NOTES, SQL_NOTES=0 */;
SET @MYSQLDUMP_TEMP_LOG_BIN = @@SESSION.SQL_LOG_BIN;
SET @@SESSION.SQL_LOG_BIN= 0;

--
-- GTID state at the beginning of the backup 
--

SET @@GLOBAL.GTID_PURGED=/*!80000 '+'*/ 'ce502b52-d217-11f0-8074-8f95407fbd36:1-93';

--
-- Table structure for table `Attraction_Tags`
--

DROP TABLE IF EXISTS `Attraction_Tags`;
/*!40101 SET @saved_cs_client     = @@character_set_client */;
/*!50503 SET character_set_client = utf8mb4 */;
CREATE TABLE `Attraction_Tags` (
  `tag_id` int NOT NULL AUTO_INCREMENT,
  `tag_name` varchar(50) NOT NULL,
  PRIMARY KEY (`tag_id`),
  UNIQUE KEY `tag_name` (`tag_name`)
) ENGINE=InnoDB AUTO_INCREMENT=3619 DEFAULT CHARSET=utf8mb4 COLLATE=utf8mb4_0900_ai_ci;
/*!40101 SET character_set_client = @saved_cs_client */;

--
-- Dumping data for table `Attraction_Tags`
--

LOCK TABLES `Attraction_Tags` WRITE;
/*!40000 ALTER TABLE `Attraction_Tags` DISABLE KEYS */;
INSERT INTO `Attraction_Tags` VALUES (1723,'architecture'),(1652,'art'),(1699,'culture'),(1653,'history'),(1651,'kids'),(1716,'music'),(1656,'nature'),(1655,'science'),(1668,'transportation');
/*!40000 ALTER TABLE `Attraction_Tags` ENABLE KEYS */;
UNLOCK TABLES;

--
-- Table structure for table `Attraction_Tags_Map`
--

DROP TABLE IF EXISTS `Attraction_Tags_Map`;
/*!40101 SET @saved_cs_client     = @@character_set_client */;
/*!50503 SET character_set_client = utf8mb4 */;
CREATE TABLE `Attraction_Tags_Map` (
  `attraction_name` varchar(255) NOT NULL,
  `tag_id` int NOT NULL,
  PRIMARY KEY (`attraction_name`,`tag_id`),
  KEY `attraction_tags_map_ibfk_2` (`tag_id`),
  CONSTRAINT `attraction_tags_map_ibfk_1` FOREIGN KEY (`attraction_name`) REFERENCES `Attractions` (`name`) ON DELETE CASCADE,
  CONSTRAINT `attraction_tags_map_ibfk_2` FOREIGN KEY (`tag_id`) REFERENCES `Attraction_Tags` (`tag_id`) ON DELETE CASCADE
) ENGINE=InnoDB DEFAULT CHARSET=utf8mb4 COLLATE=utf8mb4_0900_ai_ci;
/*!40101 SET character_set_client = @saved_cs_client */;

--
-- Dumping data for table `Attraction_Tags_Map`
--

LOCK TABLES `Attraction_Tags_Map` WRITE;
/*!40000 ALTER TABLE `Attraction_Tags_Map` DISABLE KEYS */;
INSERT INTO `Attraction_Tags_Map` VALUES ('Abraham Lincoln Presidential Library and Museum',1651),('Adirondack Museum',1651),('American Jazz Museum',1651),('American Museum of Natural History',1651),('Andrew Jackson\'s Hermitage',1651),('Andy Warhol Museum',1651),('Ann Arbor Hands-On Museum',1651),('Arizona Science Center',1651),('Armstrong Air & Space Museum',1651),('aSHEville Museum',1651),('Atlanta History Center',1651),('Autry Museum of the American West',1651),('Ava Gardner Museum',1651),('Baltimore Museum of Industry',1651),('Billings Farm and Museum',1651),('Bishop Museum',1651),('Booth Western Art Museum',1651),('Boston Children\'s Museum',1651),('Boston Tea Party Ships & Museum',1651),('Bradbury Science Museum',1651),('Buffalo Museum of Science',1651),('Buford Pusser Home and Museum',1651),('Cape Ann Museum',1651),('Carnegie Museum of Art',1651),('Carnegie Museum of Natural History',1651),('Charleston Museum',1651),('Chicago Children\'s Museum',1651),('Children\'s Discovery Museum',1651),('Children\'s Museum of Denver',1651),('Children\'s Museum of Houston',1651),('Children\'s Museum of Indianapolis',1651),('Children\'s Museum of Manhattan',1651),('Children\'s Museum of Memphis',1651),('Children\'s Museum of Pittsburgh',1651),('Children\'s Museum of Virginia',1651),('Children\'s Museum of Winston-Salem',1651),('Children\'s Museum Tucson',1651),('Childrens Museum of Phoenix',1651),('Cincinnati Museum Center at Union Terminal',1651),('City Museum',1651),('Civil War Museum',1651),('Coastal Discovery Museum',1651),('College of the Ozarks',1651),('Columbus Museum',1651),('Cooper Hewitt, Smithsonian Design Museum',1651),('Corning Museum of Glass',1651),('Corpus Christi Museum of Science and History',1651),('Cosmosphere',1651),('Creative Discovery Museum',1651),('Dennos Museum Center',1651),('Dr. Seuss National Memorial Sculpture Garden',1651),('Draper Natural History Museum',1651),('EAA AirVenture Museum',1651),('Elverhoj Museum',1651),('EMP Museum',1651),('Erie Canal Museum',1651),('ESSE Purse Museum',1651),('Evansville Museum of Arts, History & Science',1651),('Fernbank Museum of Natural History',1651),('First Division Museum at Cantigny',1651),('Fort Worth Museum of Science & History',1651),('Fountainhead Antique Auto Museum',1651),('Frazier History Museum',1651),('Gallatin History Museum',1651),('Gerald R. Ford Museum',1651),('Gettysburg Seminary Ridge Museum',1651),('Glazer Children\'s Museum',1651),('Golisano Children\'s Museum of Naples',1651),('Greensboro Children\'s Museum',1651),('Ground Zero Museum Workshop',1651),('GulfQuest National Maritime Museum of the Gulf of Mexico',1651),('Hank Williams Museum',1651),('Harley-Davidson Museum',1651),('Harvard Museum of Natural History',1651),('High Desert Museum',1651),('Historic Arkansas Museum',1651),('Hollywood Wax Museum',1651),('Illinois State Museum',1651),('Independence Seaport Museum',1651),('International Spy Museum',1651),('Intrepid Sea, Air & Space Museum',1651),('John F Kennedy Hyannis Museum',1651),('John F. Kennedy Presidential Museum & Library',1651),('Juneau-Douglas City Museum',1651),('Kansas Museum of History',1651),('Kenosha Public Museum',1651),('Kentucky Derby Museum',1651),('Key West Shipwreck Treasure Museum',1651),('Landis Valley Museum',1651),('Lane Motor Museum',1651),('Laura Ingalls Wilder Museum',1651),('LBJ Presidential Library',1651),('Levine Museum of the New South',1651),('Lizzadro Museum of Lapidary Art',1651),('Lyon Air Museum',1651),('Madame Tussauds DC',1651),('Madame Tussauds Orlando',1651),('Madison Children\'s Museum',1651),('Maine Maritime Museum',1651),('Marbles Kids Museum',1651),('Maritime Museum of San Diego',1651),('Mark Twain Boyhood Home and Museum',1651),('McKenna Children\'s Museum',1651),('Miami Children\'s Museum',1651),('Mid-America Science Museum',1651),('Mid-Hudson Children\'s Museum',1651),('Mint Museum Uptown',1651),('Mississippi Children\'s Museum',1651),('MOAS - Museum of Arts and Sciences',1651),('Money Museum at the Federal Reserve Bank',1651),('Monterey Museum of Art - Pacific Street',1651),('Mount Dora Museum Of Speed',1651),('Muhammad Ali Center',1651),('Museum of Discovery and Science',1651),('Museum of International Folk Art',1651),('Museum of Life + Science',1651),('Museum of Making Music',1651),('Museum of Natural History',1651),('Museum of Science',1651),('Museum of Science and Industry',1651),('Museum of the Earth',1651),('Museum of the Rockies',1651),('Musical Instrument Museum',1651),('Nantucket Shipwreck & Lifesaving Museum',1651),('National Building Museum',1651),('National Civil Rights Museum - Lorraine Motel',1651),('National Corvette Museum',1651),('National Liberty Museum',1651),('National Museum of American Jewish History',1651),('National Museum of the Marine Corps',1651),('National Museum of the United States Navy',1651),('National Naval Aviation Museum',1651),('Nauticus National Maritime Center',1651),('New Bedford Whaling Museum',1651),('New Britain Museum of American Art',1651),('New-York Historical Society Museum & Library',1651),('Newseum',1651),('North Carolina Museum of History',1651),('North Carolina Museum of Natural Sciences',1651),('Oakland Museum of California',1651),('Ocean Star Offshore Drilling Rig & Museum',1651),('Omaha Children\'s Museum',1651),('Pacific Aviation Museum Pearl Harbor',1651),('Pacific Science Center',1651),('Park City Museum',1651),('Petersen Automotive Museum',1651),('Phoenix Art Museum',1651),('Please Touch Museum',1651),('Portland Children\'s Museum',1651),('Reynolda House Museum of American Art',1651),('Richard H. Driehaus Museum',1651),('Ripley\'s Believe It or Not! Odditorium',1651),('San Diego Museum of Art',1651),('Santa Barbara Maritime Museum',1651),('Santa Barbara Museum of Art',1651),('Savannah Children\'s Museum',1651),('Science Museum of Minnesota',1651),('Science Museum of Virginia',1651),('Science Museum of Western Virginia & Hopkins Planetarium',1651),('Science Museum Oklahoma',1651),('Seattle Center',1651),('Seattle Children\'s Museum',1651),('South Carolina State Museum',1651),('South Florida Science Center and Aquarium',1651),('St. Augustine Lighthouse & Maritime Museum',1651),('St. Augustine Pirate & Treasure Museum',1651),('St. Petersburg Museum of History',1651),('Stax Museum of American Soul Music',1651),('Strategic Air Command & Aerospace Museum',1651),('Studebaker National Museum',1651),('Tallahassee Museum',1651),('Telfair Museums Telfair Academy',1651),('Tellus Science Museum',1651),('The Bailey-Matthews National Shell Museum',1651),('The Children\'s Museum of Green Bay',1651),('The Children\'s Museum of the Upstate',1651),('The DoSeum - San Antonio\'s Museum for Kids',1651),('The Exploratorium',1651),('The Franklin Institute',1651),('The George W. Bush Presidential Library and Museum',1651),('The Health Museum',1651),('The History Museum',1651),('The Johnny Cash Museum',1651),('The Manassas Museum',1651),('The Mark Twain House & Museum',1651),('The Museum of Western Art',1651),('The Petroleum Museum',1651),('The Putnam Museum & Science Center',1651),('The Strong National Museum of Play',1651),('The Tech Museum of Innovation',1651),('The Walmart Museum',1651),('Thinkery',1651),('Tread of Pioneers Museum',1651),('Union Pacific Railroad Museum',1651),('Virginia Living Museum',1651),('Walt Disney Family Museum',1651),('Warther Museum',1651),('Wisconsin Maritime Museum',1651),('Witte Museum',1651),('Abbe Museum',1652),('Abby Aldrich Rockefeller Folk Art Museum',1652),('Ackland Art Museum',1652),('Adirondack Museum',1652),('Airborne and Special Operations Museum',1652),('Akta Lakota Museum',1652),('Alaska State Museum',1652),('Albuquerque Museum',1652),('Allentown Art Museum',1652),('American Airpower Museum',1652),('American Jazz Museum',1652),('American Visionary Art Museum',1652),('Amon Carter Museum of American Art',1652),('Anchorage Museum at Rasmuson Center',1652),('Andy Warhol Museum',1652),('Appleton Museum of Art',1652),('Arizona Copper Art Museum',1652),('Arizona Science Center',1652),('Arizona-Sonora Desert Museum',1652),('Armed Forces History Museum',1652),('Armstrong Air & Space Museum',1652),('Art Car Museum',1652),('Art Institute of Chicago',1652),('Asheville Art Museum',1652),('aSHEville Museum',1652),('Asian Art Museum',1652),('Autry Museum of the American West',1652),('Ava Gardner Museum',1652),('Bainbridge Island Museum of Art',1652),('Baltimore Museum of Art',1652),('Bass Museum of Art',1652),('Bechtler Museum of Modern Art',1652),('Bellevue Arts Museum (BAM)',1652),('Belz Museum of Asian & Judaic Art',1652),('Bennington Museum',1652),('Berkshire Museum',1652),('Birmingham Museum of Art',1652),('Bisbee Mining & Historical Museum',1652),('Bishop Museum',1652),('Blackhawk Museum',1652),('Boca Raton Museum of Art',1652),('Booth Western Art Museum',1652),('Boston Tea Party Ships & Museum',1652),('Bowers Museum of Cultural Art',1652),('Brandywine River Museum of Art',1652),('Briscoe Western Art Museum',1652),('Brooklyn Museum',1652),('Bruce Museum',1652),('Buffalo Bill Center of the West',1652),('Buffalo Museum of Science',1652),('C.M. Russell Museum',1652),('Cameron Art Museum',1652),('Campus Martius Museum',1652),('Cantor Arts Center',1652),('Cape Ann Museum',1652),('Carnegie Museum of Art',1652),('Center for Civil and Human Rights',1652),('Charles H. MacNider Art Museum',1652),('Charles Hosmer Morse Museum of American Art',1652),('Charles M. Schulz Museum',1652),('Charleston Museum',1652),('Chazen Museum of Art',1652),('Cheyenne Frontier Days Old West Museum',1652),('Chihuly Collection',1652),('Chihuly Garden and Glass',1652),('Children\'s Museum of Denver',1652),('Children\'s Museum of Houston',1652),('Children\'s Museum of Indianapolis',1652),('Children\'s Museum of Pittsburgh',1652),('Children\'s Museum of Winston-Salem',1652),('Children\'s Museum Tucson',1652),('Chrysler Museum of Art',1652),('Cincinnati Art Museum',1652),('Cincinnati Museum Center at Union Terminal',1652),('City Museum',1652),('Cleveland Museum of Art',1652),('Clyfford Still Museum',1652),('Colby College Museum of Art',1652),('Columbia Museum of Art',1652),('Columbus Museum',1652),('Columbus Museum of Art',1652),('Cornell Fine Arts Museum',1652),('Corning Museum of Glass',1652),('Corpus Christi Museum of Science and History',1652),('Cosmosphere',1652),('Country Music Hall of Fame and Museum',1652),('Creative Discovery Museum',1652),('Crocker Art Museum',1652),('Crystal Bridges Museum of American Art',1652),('Culinary Arts Museum',1652),('Currier Museum of Art',1652),('Dallas Holocaust Museum',1652),('Dallas Museum of Art',1652),('Dayton Art Institute',1652),('de Young Museum',1652),('Dennos Museum Center',1652),('Denver Art Museum',1652),('Denver Museum of Nature & Science',1652),('Detroit Institute of Arts',1652),('DeWitt Wallace Decorative Arts Museum',1652),('Donner Memorial State Park and Emigrant Trail Museum',1652),('Door County Maritime Museum',1652),('Dr. Seuss National Memorial Sculpture Garden',1652),('Draper Natural History Museum',1652),('EAA AirVenture Museum',1652),('Edgar Allan Poe Museum',1652),('Edison & Ford Winter Estates',1652),('El Paso Museum of Art',1652),('EMP Museum',1652),('Erie Canal Museum',1652),('Erotic Heritage Museum, Las Vegas',1652),('ESSE Purse Museum',1652),('Estrella Warbird Air Museum',1652),('Evansville Museum of Arts, History & Science',1652),('Farnsworth Art Museum',1652),('Fenimore Art Museum',1652),('Fernbank Museum of Natural History',1652),('Figge Art Museum',1652),('Ford\'s Theatre',1652),('Fort East Martello Museum',1652),('Fort Lauderdale Antique Car Museum',1652),('Fountainhead Antique Auto Museum',1652),('Franklin G. Burroughs - Simeon B. Chapin Art Museum',1652),('Franklin Museum',1652),('Frazier History Museum',1652),('Fred Jones Jr. Museum of Art',1652),('Frick Collection',1652),('Frist Center for Visual Arts',1652),('Galena / Jo Daviess County Historical Society and Museum',1652),('Gallatin History Museum',1652),('George Bush Presidential Library and Museum',1652),('George Jones Entertainment Complex',1652),('Georgia O\'Keeffe Museum',1652),('Gettysburg Museum & Visitor Center',1652),('Gettysburg Museum of History',1652),('Gettysburg Seminary Ridge Museum',1652),('Gibbes Museum of Art',1652),('Gilcrease Museum',1652),('Glazer Children\'s Museum',1652),('Greenville County Museum of Art',1652),('Ground Zero Museum Workshop',1652),('Hammer Museum',1652),('Harley-Davidson Museum',1652),('Harvard Art Museums',1652),('Harvard Museum of Natural History',1652),('Harwood Museum of Art',1652),('Heard Museum',1652),('Henry Morrison Flagler Museum',1652),('Heritage Museums & Gardens',1652),('High Desert Museum',1652),('High Museum of Art',1652),('Hillwood Museum & Gardens',1652),('Hirshhorn Museum and Sculpture Garden',1652),('History Colorado Center',1652),('Honolulu Museum of Art',1652),('Hunter Museum of American Art',1652),('Illinois State Museum',1652),('Indian Pueblo Cultural Center',1652),('Indian Temple Mound and Museum',1652),('Indiana State Museum',1652),('Indianapolis Museum of Art',1652),('International Museum of Surgical Science',1652),('International Spy Museum',1652),('Isabella Stewart Gardner Museum',1652),('James A. Michener Art Museum',1652),('Jell-O Gallery Museum',1652),('Jewish Museum of Florida - FIU',1652),('Jimmy Carter Library & Museum',1652),('John F. Kennedy Presidential Museum & Library',1652),('John Wayne Birthplace & Museum',1652),('Johnson Museum of Art',1652),('Joslyn Art Museum',1652),('Juneau-Douglas City Museum',1652),('Kansas Museum of History',1652),('Kemper Museum of Contemporary Art',1652),('Kenosha Public Museum',1652),('Kentucky Derby Museum',1652),('Kentucky Horse Park',1652),('Key West Shipwreck Treasure Museum',1652),('Kimbell Art Museum',1652),('Kirkland Museum of Fine & Decorative Art',1652),('Knoxville Museum of Art',1652),('Laws Railroad Museum',1652),('Leepa-Rattner Museum of Art',1652),('Legion of Honor',1652),('Lizzadro Museum of Lapidary Art',1652),('Long Beach Museum of Art',1652),('Los Angeles County Museum of Art',1652),('Lowe Art Museum',1652),('LSU Rural Life Museum',1652),('Lynchburg Museum',1652),('Lyon Air Museum',1652),('Madame Tussauds - Las Vegas',1652),('Maine Maritime Museum',1652),('Maritime and Seafood Industry Museum',1652),('Maritime Museum of San Diego',1652),('Mark Twain Boyhood Home and Museum',1652),('Martin Auto Museum',1652),('Maryhill Museum of Art',1652),('McClung Museum of Natural History and Culture',1652),('McLarty Treasure Museum',1652),('McNay Art Museum',1652),('Meadows Museum',1652),('Memphis Rock \'n\' Soul Museum',1652),('Mennello Museum of American Art',1652),('Mercer Museum',1652),('Metal Museum',1652),('Meteor Crater',1652),('Miami Children\'s Museum',1652),('Michael C. Carlos Museum',1652),('Mid-Hudson Children\'s Museum',1652),('Military Aviation Museum',1652),('Millicent Rogers Museum',1652),('Milwaukee Art Museum',1652),('Mingei International Museum',1652),('Minneapolis Institute of Art',1652),('Minnesota Marine Art Museum',1652),('Mint Museum Randolph',1652),('Mint Museum Uptown',1652),('Mississippi Museum of Art',1652),('Missouri Civil War Museum',1652),('MIT Museum',1652),('MOAS - Museum of Arts and Sciences',1652),('Mobile Museum of Art',1652),('Modern Art Museum of Fort Worth',1652),('Mohave Museum of History and Arts',1652),('Money Museum at the Federal Reserve Bank',1652),('Monterey Museum of Art - Pacific Street',1652),('Motown Museum',1652),('Mount Dora Museum Of Speed',1652),('Muhammad Ali Center',1652),('Museum Hack',1652),('Museum Hack DC',1652),('Museum Mile',1652),('Museum of Arts and Design',1652),('Museum of Biblical Art',1652),('Museum of Contemporary Art',1652),('Museum of Fine Arts',1652),('Museum of Fine Arts, Houston',1652),('Museum of Glass',1652),('Museum of Idaho',1652),('Museum of Indian Arts & Culture',1652),('Museum of International Folk Art',1652),('Museum of Native American History',1652),('Museum of Natural and Cultural History',1652),('Museum of Northern Arizona',1652),('Museum of Russian Icons',1652),('Museum of Science and Industry',1652),('Museum of the City of New York',1652),('Museum of the Confederacy-Appomattox',1652),('Museum of the Earth',1652),('Museum of the Mountain Man',1652),('Museum of the Moving Image',1652),('Museum of the Rockies',1652),('Museum of the Shenandoah Valley',1652),('Museum of World Treasures',1652),('Musicians Hall of Fame and Museum',1652),('Mutter Museum',1652),('Mystic Seaport',1652),('Nantucket Shipwreck & Lifesaving Museum',1652),('Nasher Museum of Art at Duke University',1652),('Nasher Sculpture Center',1652),('Nassau County Museum of Art',1652),('National Civil Rights Museum - Lorraine Motel',1652),('National Civil War Naval Museum',1652),('National Czech & Slovak Museum & Library',1652),('National Gallery of Art',1652),('National Infantry Museum and Soldier Center',1652),('National Liberty Museum',1652),('National Museum of African Art',1652),('National Museum of American History',1652),('National Museum of American Illustration',1652),('National Museum of Funeral History',1652),('National Museum of Mexican Art',1652),('National Museum of the American Indian',1652),('National Museum of the Marine Corps',1652),('National Museum of the United States Navy',1652),('National Museum of Wildlife Art',1652),('National Museum of Women in the Arts',1652),('National Naval Aviation Museum',1652),('National Portrait Gallery',1652),('Natural History Museum of Utah',1652),('Nelson-Atkins Museum of Art',1652),('Neue Galerie',1652),('Nevada Museum of Art',1652),('Nevada State Railroad Museum',1652),('New Bedford Whaling Museum',1652),('New Britain Museum of American Art',1652),('New England Air Museum',1652),('New Mexico History Museum',1652),('New Mexico Museum of Art',1652),('New Museum',1652),('New Orleans Museum of Art',1652),('New Smyrna Museum of History',1652),('New York City Fire Museum',1652),('New York State Museum',1652),('New York Transit Museum',1652),('New-York Historical Society Museum & Library',1652),('Newark Museum',1652),('Noguchi Museum',1652),('Norman Rockwell Museum',1652),('North Carolina Museum of Art',1652),('North Carolina Museum of History',1652),('Northeastern Nevada Museum',1652),('Norton Museum of Art',1652),('Norton Simon Museum',1652),('NSU Art Museum',1652),('Oakland Museum of California',1652),('Ogden Museum of Southern Art',1652),('Ogunquit Museum of American Art',1652),('Ohr-O\'Keefe Museum of Art',1652),('Oklahoma City Museum of Art',1652),('Old Slave Mart Museum',1652),('Oriental Institute Museum',1652),('Orlando Museum of Art',1652),('Pacific Science Center',1652),('Palm Springs Art Museum',1652),('Palm Springs Art Museum in Palm Desert',1652),('Panhandle-Plains Historical Museum',1652),('Peabody Essex Museum',1652),('Peabody Museum of Archaeology and Ethnology',1652),('Penn Museum',1652),('Perez Art Museum Miami',1652),('Petersen Automotive Museum',1652),('Philadelphia Museum of Art',1652),('Philbrook Museum of Art',1652),('Phoenix Art Museum',1652),('Pilgrim Hall Museum',1652),('Portland Art Museum',1652),('Portland Museum of Art',1652),('Pratt Museum',1652),('Princeton University Art Museum',1652),('Pueblo Grande Museum',1652),('Racine Art Museum',1652),('Ralph Foster Museum',1652),('Reading Public Museum',1652),('Reynolda House Museum of American Art',1652),('Rhode Island School of Design Museum of Art',1652),('Ripley\'s Believe It or Not! Odditorium',1652),('Rodin Museum',1652),('Rosa Parks Library and Museum',1652),('Rosicrucian Egyptian Museum',1652),('Roswell Museum & Art Center',1652),('Rubin Museum of Art',1652),('Saint Louis Art Museum',1652),('Salt and Pepper Shaker Museum',1652),('Samuel P. Harn Museum of Art',1652),('San Antonio Museum of Art',1652),('San Diego Museum of Art',1652),('San Diego Museum of Man',1652),('San Francisco Museum of Modern Art (SFMOMA)',1652),('San Jose Museum of Art',1652),('Santa Barbara Museum of Art',1652),('SCAD Museum of Art',1652),('Science Museum of Minnesota',1652),('Science Museum of Virginia',1652),('Science Museum of Western Virginia & Hopkins Planetarium',1652),('Science Museum Oklahoma',1652),('Seattle Art Museum',1652),('Seattle Children\'s Museum',1652),('Shangri La',1652),('Shelburne Museum',1652),('Ships of the Sea Maritime Museum',1652),('Silver City Museum',1652),('Simeone Foundation Automotive Museum',1652),('Skagway Museum and Archives',1652),('Sky City Cultural Center & Haak\'u Museum',1652),('Smithsonian American Art Museum',1652),('Smithsonian Institution Building',1652),('Smithsonian National Museum of Natural History',1652),('Smoki Museum',1652),('Solomon R. Guggenheim Museum',1652),('South Carolina State Museum',1652),('South Florida Museum and Bishop Planetarium',1652),('Springfield Museums',1652),('St. Augustine Lighthouse & Maritime Museum',1652),('St. Augustine Pirate & Treasure Museum',1652),('St. Petersburg Museum of History',1652),('Stax Museum of American Soul Music',1652),('Sternberg Museum of Natural History',1652),('Strategic Air Command & Aerospace Museum',1652),('Strawbery Banke Museum',1652),('Tacoma Art Museum',1652),('Taft Museum of Art',1652),('Tallahassee Museum',1652),('Tampa Museum of Art',1652),('Tank Museum',1652),('Telfair Museums Telfair Academy',1652),('Tellus Science Museum',1652),('Tenement Museum',1652),('The Bailey-Matthews National Shell Museum',1652),('The Barnes Foundation',1652),('The Blanton Museum of Art',1652),('The Broad',1652),('The Buckhorn Saloon and Texas Ranger Museum',1652),('The Children\'s Museum of the Upstate',1652),('The Clark Art Institute',1652),('The Cummer Museum of Art and Gardens',1652),('The Delta Blues Museum',1652),('The Eiteljorg Museum',1652),('The Exploratorium',1652),('The Getty Villa',1652),('The Haggin Museum',1652),('The Hershey Story',1652),('The History Museum',1652),('The Jewish Museum',1652),('The Johnny Cash Museum',1652),('The Journey Museum & Learning Center',1652),('The Leonardo Museum',1652),('The Mariners\' Museum & Park',1652),('The Mark Twain House & Museum',1652),('The Menil Collection',1652),('The Met Cloisters',1652),('The Metropolitan Museum of Art',1652),('The Mini Time Machine Museum of Miniatures',1652),('The Morgan Library & Museum',1652),('The Museum of Contemporary Art',1652),('The Museum of Modern Art (MoMA)',1652),('The Museum of Russian Art',1652),('The Museum of Western Art',1652),('The National Archives Museum',1652),('The National Museum of Nuclear Science & History',1652),('The National Quilt Museum',1652),('The Neon Museum',1652),('The Petroleum Museum',1652),('The Phillips Collection',1652),('The Presbytere',1652),('The Ringling',1652),('The Rockwell Museum',1652),('The Speed Art Museum',1652),('The Tech Museum of Innovation',1652),('The Walmart Museum',1652),('The Walters Art Museum',1652),('The Wolfsonian - Florida International University',1652),('Toledo Museum of Art',1652),('Tread of Pioneers Museum',1652),('Tucson Museum of Art and Historic Block',1652),('U.S. Veterans Memorial Museum',1652),('Union Pacific Railroad Museum',1652),('University of Alaska Museum of the North',1652),('University of Michigan Museum of Art',1652),('US Army Museum of Hawaii',1652),('USS Midway Museum',1652),('Vero Beach Museum of Art',1652),('Vesterheim',1652),('Villa Zorayda Museum',1652),('Virginia Living Museum',1652),('Virginia Museum of Fine Arts',1652),('Virginia Museum of Transportation',1652),('Vizcaya Museum and Gardens',1652),('Wadsworth Atheneum Museum of Art',1652),('Warther Museum',1652),('Washington County Museum of Fine Arts',1652),('Washington State History Museum',1652),('Weisman Art Museum',1652),('Wells Fargo History Museum',1652),('West Point Museum',1652),('Western Spirit: Scottsdale\'s Museum of the West',1652),('Whaling Museum',1652),('Wheelwright Museum of the American Indian',1652),('Whitney Museum of American Art',1652),('Wichita Art Museum',1652),('Williams College Museum of Art',1652),('Wilmington Railroad Museum',1652),('Woolaroc Museum & Wildlife Preserve',1652),('Worcester Art Museum',1652),('World Erotic Art Museum (WEAM)',1652),('World of Chocolate Museum and Cafe',1652),('Yale Peabody Museum of Natural History',1652),('Yale University Art Gallery',1652),('911 Ground Zero Tour',1653),('Abbe Museum',1653),('Abby Aldrich Rockefeller Folk Art Museum',1653),('Adams Museum',1653),('Adirondack Museum',1653),('Admiral Nimitz State Historic Site',1653),('Ah-Tah-Thi-Ki Museum',1653),('Air Force Armament Museum',1653),('Air Mobility Command Museum',1653),('Akta Lakota Museum',1653),('Alaska State Museum',1653),('Albuquerque Museum',1653),('Altoona Railroaders Memorial Museum',1653),('Amelia Island Museum of History',1653),('American Airpower Museum',1653),('American Computer Museum',1653),('American Jazz Museum',1653),('American Museum of Natural History',1653),('American Sign Museum',1653),('Anchorage Museum at Rasmuson Center',1653),('Andrew Jackson\'s Hermitage',1653),('Andy Warhol Museum',1653),('Anniston Museum of Natural History',1653),('Arabia Steamboat Museum',1653),('Arizona Copper Art Museum',1653),('Arizona Museum of Natural History',1653),('Arizona-Sonora Desert Museum',1653),('Armed Forces History Museum',1653),('Armstrong Air & Space Museum',1653),('Art Car Museum',1653),('Asheville Art Museum',1653),('aSHEville Museum',1653),('Atlanta History Center',1653),('Augusta Museum of History',1653),('Autry Museum of the American West',1653),('Ava Gardner Museum',1653),('Baker Heritage Museum',1653),('Barksdale Global Power Museum',1653),('Bennington Museum',1653),('Berkshire Museum',1653),('Billings Farm and Museum',1653),('Biodiversity Institute & Natural History Museum',1653),('Birmingham Civil Rights Institute',1653),('Bisbee Mining & Historical Museum',1653),('Bishop Museum',1653),('Blackhawk Museum',1653),('Boot Hill Museum',1653),('Booth Western Art Museum',1653),('Boston Tea Party Ships & Museum',1653),('Bradbury Science Museum',1653),('Brandywine River Museum of Art',1653),('Brooklyn Museum',1653),('Buffalo Bill Center of the West',1653),('Bullock Texas State History Museum',1653),('Burpee Museum of Natural History',1653),('Cantor Arts Center',1653),('Cape Ann Museum',1653),('Cape Fear Museum',1653),('Carnegie Museum of Natural History',1653),('Cedar Key Historical Society Museum',1653),('Charles H. Wright Museum of African American History',1653),('Charles M. Schulz Museum',1653),('Charleston Museum',1653),('Chazen Museum of Art',1653),('Chennault Aviation and Military Museum',1653),('Cheyenne Frontier Days Old West Museum',1653),('Chicago History Museum',1653),('Children\'s Museum of Houston',1653),('Children\'s Museum of Indianapolis',1653),('Children\'s Museum Tucson',1653),('Chudnow Museum of Yesteryear',1653),('Cincinnati Museum Center at Union Terminal',1653),('Civil War Medical Museum',1653),('Civil War Museum',1653),('Clark County Heritage Museum',1653),('Cleveland Museum of Natural History',1653),('Coastal Discovery Museum',1653),('Collier County Museum',1653),('Columbia River Maritime Museum',1653),('Commemorative Air Force Museum',1653),('Computer History Museum',1653),('Connecticut River Museum',1653),('Contemporary Jewish Museum',1653),('Cooper Hewitt, Smithsonian Design Museum',1653),('Corpus Christi Museum of Science and History',1653),('Country Music Hall of Fame and Museum',1653),('Culinary Arts Museum',1653),('Currahee Military Museum',1653),('Dallas Holocaust Museum',1653),('Dallas Museum of Art',1653),('David J. Sencer CDC Museum',1653),('Dennos Museum Center',1653),('Destin History & Fishing Museum',1653),('Detroit Historical Museum',1653),('Donner Memorial State Park and Emigrant Trail Museum',1653),('Door County Historical Museum',1653),('Door County Maritime Museum',1653),('Dr. Seuss National Memorial Sculpture Garden',1653),('Draper Natural History Museum',1653),('EAA AirVenture Museum',1653),('Edison & Ford Winter Estates',1653),('EMP Museum',1653),('Erie Canal Museum',1653),('Erotic Heritage Museum, Las Vegas',1653),('ESSE Purse Museum',1653),('Estrella Warbird Air Museum',1653),('Evansville Museum of Arts, History & Science',1653),('Farnsworth Art Museum',1653),('Fenimore Art Museum',1653),('Fernbank Museum of Natural History',1653),('Florida Museum of Natural History',1653),('Ford\'s Theatre',1653),('Fort Pitt Museum',1653),('Fort Sumter National Monument',1653),('Fort Worth Museum of Science & History',1653),('Fountainhead Antique Auto Museum',1653),('Frankenmuth Historical Museum',1653),('Franklin D. Roosevelt Presidential Library and Museum',1653),('Franklin Museum',1653),('Frazier History Museum',1653),('Frist Center for Visual Arts',1653),('Frontiers of Flight Museum',1653),('Galena / Jo Daviess County Historical Society and Museum',1653),('Gallatin History Museum',1653),('Geneva Lake Museum of History',1653),('George Bush Presidential Library and Museum',1653),('George Eastman Museum',1653),('Georgia State Railroad Museum',1653),('Gettysburg Heritage Center',1653),('Gettysburg Museum & Visitor Center',1653),('Gettysburg Museum of History',1653),('Gettysburg Seminary Ridge Museum',1653),('Gilmore Car Museum',1653),('Glenn H. Curtiss Museum',1653),('Grand Rapids Public Museum',1653),('Great Lakes Shipwreck Museum',1653),('GulfQuest National Maritime Museum of the Gulf of Mexico',1653),('Hammer Museum',1653),('Hank Williams Museum',1653),('Harley-Davidson Museum',1653),('Harvard Art Museums',1653),('Harvard Museum of Natural History',1653),('Henry B. Plant Museum',1653),('Heritage Museums & Gardens',1653),('High Desert Museum',1653),('Historic Arkansas Museum',1653),('Historic Jamestowne',1653),('Historic Pensacola Village',1653),('Historic Railpark and Train Museum',1653),('History Colorado Center',1653),('History Museum of Mobile',1653),('History of Diving Museum',1653),('Holocaust Museum Houston',1653),('Honolulu Museum of Art',1653),('Hunter Museum of American Art',1653),('Illinois State Museum',1653),('Independence Seaport Museum',1653),('Indian Pueblo Cultural Center',1653),('Indian Temple Mound and Museum',1653),('Indiana State Museum',1653),('Indianapolis Motor Speedway Museum',1653),('International Civil Rights Center & Museum',1653),('Intrepid Sea, Air & Space Museum',1653),('Isabella Stewart Gardner Museum',1653),('Jefferson Historical Museum',1653),('Jewish Museum of Florida - FIU',1653),('Jim Gatchell Memorial Museum',1653),('John Wayne Birthplace & Museum',1653),('John Wesley Powell River History Museum',1653),('Johnson Museum of Art',1653),('Juneau-Douglas City Museum',1653),('Kansas Museum of History',1653),('Kenosha Public Museum',1653),('Kentucky Derby Museum',1653),('Key West Shipwreck Treasure Museum',1653),('Klondike Gold Rush National Historical Park',1653),('Kokee Natural History Museum',1653),('Las Vegas Natural History Museum',1653),('Laura Ingalls Wilder Historic Home and Museum',1653),('Laws Railroad Museum',1653),('LBJ Presidential Library',1653),('Levine Museum of the New South',1653),('Living Computer Museum',1653),('Lone Star Flight Museum',1653),('Long Beach Museum of Art',1653),('Los Alamos Historical Museum',1653),('Los Angeles County Museum of Art',1653),('Louisville Slugger Museum & Factory',1653),('Lucy Desi Center For Comedy',1653),('Lyman Museum',1653),('Lynchburg Museum',1653),('Lyon Air Museum',1653),('Madame Tussauds - Las Vegas',1653),('Madame Tussauds DC',1653),('Madison Children\'s Museum',1653),('Maine Maritime Museum',1653),('Marco Island Historical Museum',1653),('Marietta Museum of History',1653),('Mariposa Museum and History Center',1653),('Maritime and Seafood Industry Museum',1653),('Maritime Museum of San Diego',1653),('Mark Twain Boyhood Home and Museum',1653),('Martin Auto Museum',1653),('Mashantucket Pequot Museum & Research Center',1653),('McClung Museum of Natural History and Culture',1653),('Mel Fisher Maritime Heritage Museum',1653),('Memorial Hall Confederate Civil War Museum',1653),('Mercer Museum',1653),('Michael C. Carlos Museum',1653),('Michigan Historical Museum',1653),('Mid-Hudson Children\'s Museum',1653),('Military Aviation Museum',1653),('Mill City Museum',1653),('Milwaukee Art Museum',1653),('Milwaukee Public Museum',1653),('Minneapolis Institute of Art',1653),('Mint Museum Randolph',1653),('Mississippi River Museum at Mud Island',1653),('Missouri Civil War Museum',1653),('Missouri History Museum',1653),('MOAS - Museum of Arts and Sciences',1653),('Mohave Museum of History and Arts',1653),('Monterey Museum of Art - Pacific Street',1653),('Mount Dora Museum Of Speed',1653),('Muhammad Ali Center',1653),('Museum Hack',1653),('Museum Hack DC',1653),('Museum of Chincoteague',1653),('Museum of Contemporary Art',1653),('Museum of Discovery and Science',1653),('Museum of Florida History',1653),('Museum of Geology',1653),('Museum of History & Industry',1653),('Museum of Idaho',1653),('Museum of Jewish Heritage',1653),('Museum of Military History',1653),('Museum of Native American History',1653),('Museum of Natural and Cultural History',1653),('Museum of Natural History',1653),('Museum of Northern Arizona',1653),('Museum of Ojibwa Culture',1653),('Museum of Russian Icons',1653),('Museum of Science and History',1653),('Museum of Science and Industry',1653),('Museum of Sex',1653),('Museum of the Cherokee Indian',1653),('Museum of the City of New York',1653),('Museum of the Confederacy-Appomattox',1653),('Museum of the Earth',1653),('Museum of the Everglades',1653),('Museum of the Moving Image',1653),('Museum of the Rockies',1653),('Museum of the Shenandoah Valley',1653),('Museum of Transportation',1653),('Museum of World Treasures',1653),('Musical Instrument Museum',1653),('Musicians Hall of Fame and Museum',1653),('Mutter Museum',1653),('Mystic Seaport',1653),('National Baseball Hall of Fame and Museum',1653),('National Building Museum',1653),('National Civil Rights Museum - Lorraine Motel',1653),('National Civil War Museum',1653),('National Civil War Naval Museum',1653),('National Corvette Museum',1653),('National Cowboy & Western Heritage Museum',1653),('National Czech & Slovak Museum & Library',1653),('National Liberty Museum',1653),('National Mall',1653),('National Mississippi River Museum & Aquarium',1653),('National Museum of American History',1653),('National Museum of American Illustration',1653),('National Museum of American Jewish History',1653),('National Museum of Civil War Medicine',1653),('National Museum of Funeral History',1653),('National Museum of the American Indian',1653),('National Museum of the Mighty Eighth Air Force',1653),('National Museum of the Pacific War',1653),('National Museum of the United States Navy',1653),('National Museum of Women in the Arts',1653),('National Museum of World War II Aviation',1653),('National Naval Aviation Museum',1653),('National Underground Railroad Freedom Center',1653),('National World War I Museum and Memorial',1653),('Natural History Museum of Los Angeles County',1653),('Natural History Museum of Utah',1653),('Nevada Northern Railway Museum',1653),('Nevada State Museum',1653),('Nevada State Railroad Museum',1653),('New Bedford Whaling Museum',1653),('New Britain Museum of American Art',1653),('New Mexico Farm and Ranch Heritage Museum',1653),('New Mexico History Museum',1653),('New Mexico Museum of Natural History and Science',1653),('New Mexico Museum of Space History',1653),('New Orleans Historic Voodoo Museum',1653),('New Smyrna Museum of History',1653),('New York State Museum',1653),('New York Transit Museum',1653),('New-York Historical Society Museum & Library',1653),('Newark Museum',1653),('Niagara Wax Museum of History',1653),('North Carolina Museum of History',1653),('North Carolina Museum of Natural Sciences',1653),('Northeastern Nevada Museum',1653),('NSU Art Museum',1653),('Oakland Museum of California',1653),('Ocean City Life-Saving Station Museum',1653),('Ohr-O\'Keefe Museum of Art',1653),('Oklahoma City National Memorial & Museum',1653),('Old Red Museum',1653),('Old Sacramento',1653),('Oregon Historical Society Museum',1653),('Oriental Institute Museum',1653),('Pacific Aviation Museum Pearl Harbor',1653),('Pacific Science Center',1653),('Panhandle-Plains Historical Museum',1653),('Park City Museum',1653),('Peabody Essex Museum',1653),('Peabody Museum of Archaeology and Ethnology',1653),('Penrose Heritage Museum',1653),('Pensacola Lighthouse and Museum',1653),('Petersen Automotive Museum',1653),('Peterson Air & Space Museum',1653),('Pierce-Arrow Museum',1653),('Pilgrim Monument & Provincetown Museum',1653),('Pima Air & Space Museum',1653),('Pin Point Heritage Museum',1653),('Pink Palace Museum',1653),('Potter\'s Wax Museum',1653),('Pratt Museum',1653),('Princeton University Art Museum',1653),('Pueblo Grande Museum',1653),('R.E. Olds Transportation Museum',1653),('Railroad Museum of Pennsylvania',1653),('Ralph Foster Museum',1653),('Reading Public Museum',1653),('Reynolda House Museum of American Art',1653),('Road To Tara Museum',1653),('Rosa Parks Library and Museum',1653),('Roswell Museum & Art Center',1653),('Rubin Museum of Art',1653),('Sacramento History Museum',1653),('Saint Louis Art Museum',1653),('Sam Noble Oklahoma Museum of Natural History',1653),('San Antonio Museum of Art',1653),('San Diego Air & Space Museum',1653),('San Diego Museum of Man',1653),('San Diego Natural History Museum',1653),('San Jose Museum of Art',1653),('San Juan County Historical Society',1653),('Sandwich Glass Museum',1653),('Santa Barbara Museum of Art',1653),('Santa Barbara Museum of Natural History',1653),('Savannah History Museum',1653),('Science Museum of Virginia',1653),('Sedona Heritage Museum',1653),('Senator John Heinz History Center',1653),('Ships of the Sea Maritime Museum',1653),('Silent Wings Museum',1653),('Silver City Museum',1653),('Simeone Foundation Automotive Museum',1653),('Skagway Museum and Archives',1653),('Sky City Cultural Center & Haak\'u Museum',1653),('Smithsonian American Art Museum',1653),('Smithsonian National Museum of Natural History',1653),('South Dakota Air and Space Museum',1653),('South Florida Museum and Bishop Planetarium',1653),('South Florida Science Center and Aquarium',1653),('Southern Museum of Civil War and Locomotive History',1653),('Southwest Florida Museum of History',1653),('Springfield Museums',1653),('St. Augustine Lighthouse & Maritime Museum',1653),('St. Augustine Pirate & Treasure Museum',1653),('St. Petersburg Museum of History',1653),('State Historical Museum',1653),('State Museum of Pennsylvania',1653),('Sternberg Museum of Natural History',1653),('Strategic Air Command & Aerospace Museum',1653),('Studebaker National Museum',1653),('T.T. Wentworth Jr. Florida State Museum',1653),('Taft Museum of Art',1653),('Tallahassee Museum',1653),('Tampa Bay History Center',1653),('Tank Museum',1653),('Telfair Museums Telfair Academy',1653),('Telluride Historical Museum',1653),('Tenement Museum',1653),('Tennessee State Museum',1653),('Texas Civil War Museum',1653),('The Bailey-Matthews National Shell Museum',1653),('The Bakken Museum',1653),('The Broad',1653),('The Buckhorn Saloon and Texas Ranger Museum',1653),('The Children\'s Museum of the Upstate',1653),('The Cummer Museum of Art and Gardens',1653),('The Delta Blues Museum',1653),('The Exploratorium',1653),('The Field Museum',1653),('The George W. Bush Presidential Library and Museum',1653),('The Getty Villa',1653),('The Haggin Museum',1653),('The Henry Ford',1653),('The Hershey Story',1653),('The History Museum',1653),('The Hollywood Museum',1653),('The Jewish Museum',1653),('The Journey Museum & Learning Center',1653),('The Manassas Museum',1653),('The Mariners\' Museum & Park',1653),('The Mark Twain House & Museum',1653),('The Morgan Library & Museum',1653),('The Museum of Flight',1653),('The Museum of Modern Art (MoMA)',1653),('The Museum of Russian Art',1653),('The National 9/11 Memorial & Museum',1653),('The National Archives Museum',1653),('The National Museum of Nuclear Science & History',1653),('The National WWII Museum',1653),('The Neon Museum',1653),('The Petroleum Museum',1653),('The Putnam Museum & Science Center',1653),('The Ringling',1653),('The Sixth Floor Museum/Texas School Book Depository',1653),('The Strong National Museum of Play',1653),('The Submarine Force Museum',1653),('The Tech Museum of Innovation',1653),('The White House and Museum of the Confederacy',1653),('Titan Missile Museum',1653),('Toledo Museum of Art',1653),('Tongass Historical Museum',1653),('Tread of Pioneers Museum',1653),('Tucson Museum of Art and Historic Block',1653),('Tulsa Air and Space Museum',1653),('Turquoise Museum',1653),('U.S. Space and Rocket Center',1653),('U.S. Veterans Memorial Museum',1653),('Union Pacific Railroad Museum',1653),('Union Station',1653),('United States Holocaust Memorial Museum',1653),('University of Alaska Museum of the North',1653),('University of Michigan Museum of Natural History',1653),('Upcountry History Museum',1653),('US Army Museum of Hawaii',1653),('USS Constitution Museum',1653),('Valiant Air Command Warbird Museum',1653),('Vesterheim',1653),('Veterans Memorial Museum',1653),('Villa Zorayda Museum',1653),('Virginia Holocaust Museum',1653),('Virginia Living Museum',1653),('Virginia Museum of Transportation',1653),('Virginia War Museum',1653),('Wadsworth Atheneum Museum of Art',1653),('Warther Museum',1653),('Washington State History Museum',1653),('Wells Fargo History Museum',1653),('West Point Museum',1653),('West Virginia State Museum',1653),('Western Spirit: Scottsdale\'s Museum of the West',1653),('Whaling Museum',1653),('Wheelwright Museum of the American Indian',1653),('White Sands Missile Range',1653),('Wilmington Railroad Museum',1653),('Wing Luke Museum of the Asian Pacific American Experience',1653),('Wisconsin Historical Museum',1653),('Wisconsin Maritime Museum',1653),('Wisconsin Veterans Museum',1653),('Woolaroc Museum & Wildlife Preserve',1653),('World Erotic Art Museum (WEAM)',1653),('World of Chocolate Museum and Cafe',1653),('Yale Peabody Museum of Natural History',1653),('Yale University Art Gallery',1653),('Abbe Museum',1655),('American Jazz Museum',1655),('American Museum of Natural History',1655),('American Museum of Science & Energy',1655),('Anchorage Museum at Rasmuson Center',1655),('Ann Arbor Hands-On Museum',1655),('Anniston Museum of Natural History',1655),('Arizona Museum of Natural History',1655),('Arizona Science Center',1655),('Arizona-Sonora Desert Museum',1655),('Armed Forces History Museum',1655),('Armstrong Air & Space Museum',1655),('Ava Gardner Museum',1655),('Bass Museum of Art',1655),('Bennington Museum',1655),('Berkshire Museum',1655),('Biodiversity Institute & Natural History Museum',1655),('Bishop Museum',1655),('Blackhawk Museum',1655),('Boston Children\'s Museum',1655),('Bradbury Science Museum',1655),('Bruce Museum',1655),('Buffalo Bill Center of the West',1655),('Buffalo Museum of Science',1655),('Burpee Museum of Natural History',1655),('California Academy of Sciences',1655),('California Science Center',1655),('Cape Fear Museum',1655),('Carnegie Museum of Natural History',1655),('Center for Civil and Human Rights',1655),('Charleston Museum',1655),('Children\'s Museum of Houston',1655),('Children\'s Museum of Indianapolis',1655),('Children\'s Museum of Pittsburgh',1655),('Cincinnati Museum Center at Union Terminal',1655),('City Museum',1655),('Civil War Museum',1655),('Cleveland Museum of Natural History',1655),('Corpus Christi Museum of Science and History',1655),('Cosmosphere',1655),('Country Music Hall of Fame and Museum',1655),('Creative Discovery Museum',1655),('Dennos Museum Center',1655),('Denver Museum of Nature & Science',1655),('Draper Natural History Museum',1655),('EAA AirVenture Museum',1655),('EMP Museum',1655),('Erie Canal Museum',1655),('Evansville Museum of Arts, History & Science',1655),('Evergreen Aviation & Space Museum',1655),('Fairbanks Museum and Planetarium',1655),('Farnsworth Art Museum',1655),('Fernbank Museum of Natural History',1655),('Florida Museum of Natural History',1655),('Fort Worth Museum of Science & History',1655),('Fountainhead Antique Auto Museum',1655),('Frazier History Museum',1655),('George Jones Entertainment Complex',1655),('Grand Rapids Public Museum',1655),('Harvard Art Museums',1655),('Harvard Museum of Natural History',1655),('Hill Aerospace Museum',1655),('Illinois State Museum',1655),('Indiana State Museum',1655),('International Civil Rights Center & Museum',1655),('International Museum of Surgical Science',1655),('International Wildlife Museum',1655),('Intrepid Sea, Air & Space Museum',1655),('John F. Kennedy Presidential Museum & Library',1655),('Kenosha Public Museum',1655),('Kirkland Museum of Fine & Decorative Art',1655),('Kokee Natural History Museum',1655),('Las Vegas Natural History Museum',1655),('Living Computer Museum',1655),('Madame Tussauds New York',1655),('McClung Museum of Natural History and Culture',1655),('Mel Fisher Maritime Heritage Museum',1655),('Michigan Military and Space Heroes Museum',1655),('Mid-America Science Museum',1655),('Mid-Hudson Children\'s Museum',1655),('Milwaukee Public Museum',1655),('Mississippi Museum of Natural Science',1655),('MIT Museum',1655),('MOAS - Museum of Arts and Sciences',1655),('Muhammad Ali Center',1655),('Museum of Discovery and Science',1655),('Museum of Geology',1655),('Museum of Idaho',1655),('Museum of Jurassic Technology',1655),('Museum of Life + Science',1655),('Museum of Natural History',1655),('Museum of Northern Arizona',1655),('Museum of Science',1655),('Museum of Science and History',1655),('Museum of Science and Industry',1655),('Museum of the Earth',1655),('Museum of the Moving Image',1655),('Museum of the Rockies',1655),('Musical Instrument Museum',1655),('Nantucket Shipwreck & Lifesaving Museum',1655),('National Museum of Civil War Medicine',1655),('National Museum of the Marine Corps',1655),('National Watch and Clock Museum',1655),('Natural History Museum of Los Angeles County',1655),('Natural History Museum of Utah',1655),('New Mexico Museum of Natural History and Science',1655),('New Mexico Museum of Space History',1655),('Newark Museum',1655),('North Carolina Museum of Natural Sciences',1655),('North Museum of Nature and Science',1655),('Northeastern Nevada Museum',1655),('Oregon Museum of Science and Industry',1655),('Pacific Science Center',1655),('Perot Museum of Nature and Science',1655),('Petersen Automotive Museum',1655),('Peterson Air & Space Museum',1655),('Pima Air & Space Museum',1655),('Pink Palace Museum',1655),('Pratt Museum',1655),('Ralph Foster Museum',1655),('Reading Public Museum',1655),('Rubin Museum of Art',1655),('Sam Noble Oklahoma Museum of Natural History',1655),('San Diego Air & Space Museum',1655),('San Diego Natural History Museum',1655),('San Francisco Museum of Modern Art (SFMOMA)',1655),('Santa Barbara Maritime Museum',1655),('Santa Barbara Museum of Natural History',1655),('Science Museum of Minnesota',1655),('Science Museum of Virginia',1655),('Science Museum of Western Virginia & Hopkins Planetarium',1655),('Science Museum Oklahoma',1655),('Seattle Art Museum',1655),('Seattle Center',1655),('Seattle Children\'s Museum',1655),('Smithsonian Institution Building',1655),('Smithsonian National Air and Space Museum',1655),('Smithsonian National Air and Space Museum Steven F. Udvar-Hazy Center',1655),('Smithsonian National Museum of Natural History',1655),('South Carolina State Museum',1655),('South Dakota Air and Space Museum',1655),('South Florida Museum and Bishop Planetarium',1655),('South Florida Science Center and Aquarium',1655),('Springfield Museums',1655),('Stafford Air & Space Museum',1655),('Sternberg Museum of Natural History',1655),('Strategic Air Command & Aerospace Museum',1655),('Tallahassee Museum',1655),('Telfair Museums Telfair Academy',1655),('Tellus Science Museum',1655),('The Bailey-Matthews National Shell Museum',1655),('The Bakken Museum',1655),('The Broad',1655),('The Children\'s Museum of the Upstate',1655),('The Exploratorium',1655),('The Field Museum',1655),('The Franklin Institute',1655),('The Health Museum',1655),('The Houston Museum of Natural Science',1655),('The Leonardo Museum',1655),('The Manassas Museum',1655),('The Mini Time Machine Museum of Miniatures',1655),('The Museum of Flight',1655),('The National Museum of Nuclear Science & History',1655),('The Neon Museum',1655),('The Putnam Museum & Science Center',1655),('The Tech Museum of Innovation',1655),('Thinkery',1655),('Tucson Museum of Art and Historic Block',1655),('Tulsa Air and Space Museum',1655),('U.S. Air Force Space & Missile Museum',1655),('U.S. Space and Rocket Center',1655),('Union Station',1655),('University of Michigan Museum of Natural History',1655),('Virginia Living Museum',1655),('Wings Over the Rockies Air & Space Museum',1655),('Witte Museum',1655),('Yale Peabody Museum of Natural History',1655),('Abbe Museum',1656),('American Museum of Natural History',1656),('Anniston Museum of Natural History',1656),('Arizona Museum of Natural History',1656),('Arizona-Sonora Desert Museum',1656),('Atlanta History Center',1656),('Autry Museum of the American West',1656),('Balboa Park',1656),('Baltimore Museum of Art',1656),('Berkshire Museum',1656),('Biodiversity Institute & Natural History Museum',1656),('Bishop Museum',1656),('Blackhawk Museum',1656),('Burpee Museum of Natural History',1656),('California Academy of Sciences',1656),('Calvert Marine Museum and Drum Point Lighthouse',1656),('Cantor Arts Center',1656),('Cape Ann Museum',1656),('Carnegie Museum of Natural History',1656),('Charleston Museum',1656),('Chihuly Garden and Glass',1656),('Children\'s Museum of Indianapolis',1656),('Christ in the Smokies Museum & Gardens',1656),('Chudnow Museum of Yesteryear',1656),('Cincinnati Art Museum',1656),('Cincinnati Museum Center at Union Terminal',1656),('Cleveland Museum of Natural History',1656),('Coastal Discovery Museum',1656),('Collier County Museum',1656),('Colorado Railroad Museum',1656),('de Young Museum',1656),('Denver Museum of Nature & Science',1656),('Discovery Park of America',1656),('Donner Memorial State Park and Emigrant Trail Museum',1656),('Dr. Seuss National Memorial Sculpture Garden',1656),('Draper Natural History Museum',1656),('Edison & Ford Winter Estates',1656),('Erie Canal Museum',1656),('ESSE Purse Museum',1656),('Estes Park Museum',1656),('Fenimore Art Museum',1656),('Fernbank Museum of Natural History',1656),('Florida Museum of Natural History',1656),('Forest Park',1656),('Fort Pitt Museum',1656),('Frazier History Museum',1656),('Gettysburg Museum & Visitor Center',1656),('Gilcrease Museum',1656),('Gilmore Car Museum',1656),('Golden Gate Park',1656),('Great Lakes Shipwreck Museum',1656),('Ground Zero Museum Workshop',1656),('Harvard Museum of Natural History',1656),('Hawaii Volcanoes National Park',1656),('Heritage Museums & Gardens',1656),('Hillwood Museum & Gardens',1656),('Hirshhorn Museum and Sculpture Garden',1656),('Historic Jamestowne',1656),('Historic Railpark and Train Museum',1656),('Honolulu Museum of Art',1656),('Illinois State Museum',1656),('Indian Temple Mound and Museum',1656),('Indiana State Museum',1656),('Indianapolis Museum of Art',1656),('International Wildlife Museum',1656),('Juneau-Douglas City Museum',1656),('Kalamazoo Valley Museum',1656),('Kenosha Public Museum',1656),('Kentucky Horse Park',1656),('Klondike Gold Rush National Historical Park',1656),('Kokee Natural History Museum',1656),('Las Vegas Natural History Museum',1656),('LBJ Presidential Library',1656),('Long Beach Museum of Art',1656),('Madison Children\'s Museum',1656),('Maryhill Museum of Art',1656),('McClung Museum of Natural History and Culture',1656),('Metal Museum',1656),('Mid-America Science Museum',1656),('Mid-Hudson Children\'s Museum',1656),('Milwaukee Public Museum',1656),('Mint Museum Randolph',1656),('Mississippi Children\'s Museum',1656),('Mississippi Museum of Art',1656),('Mississippi Museum of Natural Science',1656),('Mississippi River Museum at Mud Island',1656),('Monterey Museum of Art - Pacific Street',1656),('Morikami Museum & Japanese Gardens',1656),('Mud Island River Park',1656),('Museum of Aviation',1656),('Museum of Chincoteague',1656),('Museum of Fine Arts, Houston',1656),('Museum of Geology',1656),('Museum of Idaho',1656),('Museum of Life + Science',1656),('Museum of Natural and Cultural History',1656),('Museum of Natural History',1656),('Museum of Northern Arizona',1656),('Museum of Ojibwa Culture',1656),('Museum of Science and Industry',1656),('Museum of the Earth',1656),('Museum of the Shenandoah Valley',1656),('Mutter Museum',1656),('National Mall',1656),('National Mississippi River Museum & Aquarium',1656),('National Museum of American Illustration',1656),('National Museum of the Great Lakes',1656),('National Museum of the Marine Corps',1656),('National Museum of Wildlife Art',1656),('National Museum of Women in the Arts',1656),('National Naval Aviation Museum',1656),('Natural History Museum of Los Angeles County',1656),('Natural History Museum of Utah',1656),('Nevada State Museum',1656),('New Britain Museum of American Art',1656),('New Mexico Museum of Natural History and Science',1656),('New Orleans City Park',1656),('New-York Historical Society Museum & Library',1656),('Newark Museum',1656),('Noguchi Museum',1656),('North Carolina Museum of Art',1656),('North Carolina Museum of Natural Sciences',1656),('North Museum of Nature and Science',1656),('Northeastern Nevada Museum',1656),('Park City Museum',1656),('Peabody Essex Museum',1656),('Perez Art Museum Miami',1656),('Petersen Automotive Museum',1656),('Philadelphia Museum of Art',1656),('Philbrook Museum of Art',1656),('Pilgrim Monument & Provincetown Museum',1656),('Pink Palace Museum',1656),('Pratt Museum',1656),('Pueblo Grande Museum',1656),('Railroad Museum of Pennsylvania',1656),('Ralph Foster Museum',1656),('Reynolda House Museum of American Art',1656),('Rosa Parks Library and Museum',1656),('Rubin Museum of Art',1656),('Saint Louis Art Museum',1656),('Sam Noble Oklahoma Museum of Natural History',1656),('San Diego Museum of Art',1656),('San Diego Natural History Museum',1656),('Santa Barbara Museum of Natural History',1656),('Science Museum of Virginia',1656),('Science Museum of Western Virginia & Hopkins Planetarium',1656),('Sedona Heritage Museum',1656),('Sky City Cultural Center & Haak\'u Museum',1656),('Smithsonian Institution Building',1656),('Smithsonian National Museum of Natural History',1656),('South Dakota Air and Space Museum',1656),('South Florida Museum and Bishop Planetarium',1656),('South Florida Science Center and Aquarium',1656),('Springfield Museums',1656),('Sternberg Museum of Natural History',1656),('Tallahassee Museum',1656),('Texas Prison Museum',1656),('The Bailey-Matthews National Shell Museum',1656),('The Buckhorn Saloon and Texas Ranger Museum',1656),('The Children\'s Museum of the Upstate',1656),('The Cummer Museum of Art and Gardens',1656),('The Delta Blues Museum',1656),('The Exploratorium',1656),('The Field Museum',1656),('The George W. Bush Presidential Library and Museum',1656),('The Getty Center',1656),('The Houston Museum of Natural Science',1656),('The Mariners\' Museum & Park',1656),('The Ringling',1656),('The Tech Museum of Innovation',1656),('The Walmart Museum',1656),('Thinkery',1656),('Union Station',1656),('University of Michigan Museum of Natural History',1656),('US Army Museum of Hawaii',1656),('USS Constitution Museum',1656),('USS Midway Museum',1656),('Villa Zorayda Museum',1656),('Virginia Living Museum',1656),('Vizcaya Museum and Gardens',1656),('Vulcan Park and Museum',1656),('Western Spirit: Scottsdale\'s Museum of the West',1656),('Williams College Museum of Art',1656),('Woolaroc Museum & Wildlife Preserve',1656),('Yale Peabody Museum of Natural History',1656),('1940 Air Terminal Museum',1668),('Abbe Museum',1668),('Abraham Lincoln Presidential Library and Museum',1668),('Air Force Armament Museum',1668),('Air Mobility Command Museum',1668),('Airborne and Special Operations Museum',1668),('Altoona Railroaders Memorial Museum',1668),('American Airpower Museum',1668),('Andy Warhol Museum',1668),('Apalachicola Maritime Museum',1668),('Armstrong Air & Space Museum',1668),('aSHEville Museum',1668),('Autry Museum of the American West',1668),('Baker Heritage Museum',1668),('Baltimore and Ohio Railroad Museum',1668),('Baltimore Museum of Industry',1668),('Barksdale Global Power Museum',1668),('Billings Farm and Museum',1668),('Blackhawk Museum',1668),('Boston Tea Party Ships & Museum',1668),('California State Railroad Museum',1668),('Cape Ann Museum',1668),('Carolinas Aviation Museum',1668),('Chennault Aviation and Military Museum',1668),('Chesapeake Bay Maritime Museum',1668),('Chicago History Museum',1668),('Civil War Medical Museum',1668),('Collier County Museum',1668),('Colorado Railroad Museum',1668),('Columbia River Maritime Museum',1668),('Commemorative Air Force Museum',1668),('Connecticut River Museum',1668),('Corpus Christi Museum of Science and History',1668),('Cradle of Aviation Museum',1668),('Crawford Auto-Aviation Museum',1668),('Danbury Railway Museum',1668),('Donner Memorial State Park and Emigrant Trail Museum',1668),('Door County Maritime Museum',1668),('EAA AirVenture Museum',1668),('Erotic Heritage Museum, Las Vegas',1668),('ESSE Purse Museum',1668),('Estrella Warbird Air Museum',1668),('Evergreen Aviation & Space Museum',1668),('Fairbanks Museum and Planetarium',1668),('Fairhope Museum',1668),('Ford\'s Theatre',1668),('Forest Park',1668),('Fountainhead Antique Auto Museum',1668),('Frontiers of Flight Museum',1668),('Galena / Jo Daviess County Historical Society and Museum',1668),('Gallatin History Museum',1668),('Galveston Island Railroad Museum and Terminal',1668),('Georgia State Railroad Museum',1668),('Gettysburg Museum of History',1668),('Glazer Children\'s Museum',1668),('Glenn H. Curtiss Museum',1668),('Great Lakes Shipwreck Museum',1668),('GulfQuest National Maritime Museum of the Gulf of Mexico',1668),('Historic Pensacola Village',1668),('Historic Railpark and Train Museum',1668),('History Colorado Center',1668),('Hollywood Wax Museum',1668),('Holocaust Museum Houston',1668),('Independence Seaport Museum',1668),('International Wildlife Museum',1668),('Intrepid Sea, Air & Space Museum',1668),('Juneau-Douglas City Museum',1668),('Kansas Museum of History',1668),('Kentucky Horse Park',1668),('Key West Shipwreck Treasure Museum',1668),('Laws Railroad Museum',1668),('LeMay - America\'s Car Museum',1668),('Liberty Aviation Museum',1668),('Lone Star Flight Museum',1668),('Lyon Air Museum',1668),('Maine Maritime Museum',1668),('Maritime and Seafood Industry Museum',1668),('Maritime Museum of San Diego',1668),('Mel Fisher Maritime Heritage Museum',1668),('Metal Museum',1668),('Mid-Hudson Children\'s Museum',1668),('Military Aviation Museum',1668),('Mississippi Museum of Natural Science',1668),('Missouri History Museum',1668),('MOAS - Museum of Arts and Sciences',1668),('Mobile Carnival Museum',1668),('Mobile Museum of Art',1668),('Mount Dora Museum Of Speed',1668),('Museum at Prairiefire',1668),('Museum of Aviation',1668),('Museum of Discovery and Science',1668),('Museum of Life + Science',1668),('Museum of Natural and Cultural History',1668),('Museum of Northern Arizona',1668),('Museum of Science and Industry',1668),('Museum of Sex',1668),('Museum of the Mountain Man',1668),('Museum of Transportation',1668),('Mystic Seaport',1668),('Nantucket Shipwreck & Lifesaving Museum',1668),('Naples Depot Museum',1668),('National Museum of the Great Lakes',1668),('National Museum of the Mighty Eighth Air Force',1668),('National Museum of the U.S. Air Force',1668),('National Museum of the United States Navy',1668),('National Museum of World War II Aviation',1668),('National Naval Aviation Museum',1668),('National Railroad Museum',1668),('National Underground Railroad Freedom Center',1668),('Nauticus National Maritime Center',1668),('Naval Air Station Wildwood Aviation Museum',1668),('Nevada Museum of Art',1668),('Nevada Northern Railway Museum',1668),('Nevada State Railroad Museum',1668),('New England Air Museum',1668),('New York State Museum',1668),('New York Transit Museum',1668),('North Carolina Maritime Museum',1668),('North Carolina Museum of Art',1668),('Oklahoma Railway Museum',1668),('Pacific Aviation Museum Pearl Harbor',1668),('Palm Springs Air Museum',1668),('Pensacola Naval Air Station',1668),('Perez Art Museum Miami',1668),('Peterson Air & Space Museum',1668),('Pima Air & Space Museum',1668),('Pratt Museum',1668),('Pueblo Grande Museum',1668),('R.E. Olds Transportation Museum',1668),('Railroad Museum of Pennsylvania',1668),('Reynolda House Museum of American Art',1668),('Ronald Reagan Presidential Library and Museum',1668),('San Diego Air & Space Museum',1668),('San Diego Model Railroad Museum',1668),('San Francisco Railway Museum',1668),('Santa Barbara Maritime Museum',1668),('Savannah History Museum',1668),('Science Museum Oklahoma',1668),('Seattle Center',1668),('Ships of the Sea Maritime Museum',1668),('Smithsonian National Air and Space Museum',1668),('Smithsonian National Air and Space Museum Steven F. Udvar-Hazy Center',1668),('South Dakota Air and Space Museum',1668),('South Florida Museum and Bishop Planetarium',1668),('St. Augustine Lighthouse & Maritime Museum',1668),('St. Augustine Pirate & Treasure Museum',1668),('Stafford Air & Space Museum',1668),('Strasburg Rail Road',1668),('Strategic Air Command & Aerospace Museum',1668),('Stuhr Museum of the Prairie Pioneer',1668),('Telfair Museums Telfair Academy',1668),('Texas Maritime Museum',1668),('Texas Prison Museum',1668),('The Aviation Museum of Kentucky',1668),('The Delta Blues Museum',1668),('The Henry Ford',1668),('The Mariners\' Museum & Park',1668),('The Museum of Flight',1668),('The Petroleum Museum',1668),('Tillamook Air Museum',1668),('Titanic Museum',1668),('Tulsa Air and Space Museum',1668),('U.S. Air Force Space & Missile Museum',1668),('U.S. Space and Rocket Center',1668),('U.S.S. Cairo Museum',1668),('Union Pacific Railroad Museum',1668),('Union Station',1668),('USS Constitution Museum',1668),('USS Midway Museum',1668),('Utah State Railroad Museum',1668),('Valiant Air Command Warbird Museum',1668),('Virginia Aviation Museum',1668),('Vulcan Park and Museum',1668),('Wells Fargo History Museum',1668),('Wilmington Railroad Museum',1668),('Wings Over the Rockies Air & Space Museum',1668),('Wisconsin Maritime Museum',1668),('Woolaroc Museum & Wildlife Preserve',1668),('21c Museum Hotel',1699),('45th Infantry Division Museum',1699),('America on Wheels Museum',1699),('Anderson-Abruzzo International Balloon Museum',1699),('Antique Automobile Club of America Museum',1699),('Arizona Route 66 Museum',1699),('Arizona State Museum',1699),('Armed Forces Museum',1699),('Auburn Cord Duesenberg Automobile Museum',1699),('Automobile Driving Museum',1699),('B.B. King Museum and Delta Interpretive Center',1699),('Backstreet Cultural Museum',1699),('Barber Vintage Motorsports Museum',1699),('Benjamin Franklin Museum',1699),('Bicycle Heaven',1699),('Biedenharn Coca-Cola Museum',1699),('Billy the Kid Museum',1699),('Buffalo Bill Grave and Museum',1699),('Buffalo Bill Museum',1699),('Buffalo Soldiers National Museum',1699),('Ca d\'Zan Mansion',1699),('Cable Car Museum',1699),('California Automobile Museum',1699),('Circus World',1699),('Colorado Springs Pioneers Museum',1699),('Concord Museum',1699),('Confederate Museum',1699),('Creation Museum',1699),('DAR Museum',1699),('Delta Flight Museum',1699),('Deming Luna Mimbres Museum',1699),('Discovery Center Museum',1699),('Dr Pepper Museum',1699),('Dwight D. Eisenhower Library and Museum',1699),('East Texas Oil Museum',1699),('Elliott Museum',1699),('Ellis Island',1699),('Ellis Island Immigration Museum',1699),('Elvis Presley Birthplace & Museum',1699),('Explore More Discovery Museum',1699),('Fire Museum of Memphis',1699),('Florida Holocaust Museum',1699),('Forney Museum of Transportation',1699),('Fort Bliss and Old Ironsides Museums',1699),('Fort Collins Museum of Discovery',1699),('Fort Monroe\'s Casemate Museum',1699),('Gangster Museum of America',1699),('Geppi\'s Entertainment Museum',1699),('Geronimo Springs Museum',1699),('Ghost Town Museum',1699),('Glore Psychiatric Museum',1699),('Graveyard of the Atlantic Museum',1699),('Grohmann Museum',1699),('Hampton Roads Naval Museum',1699),('Harland Sanders Cafe and Museum',1699),('Harry S. Truman Library and Museum',1699),('Hollywood Star Cars Museum',1699),('Hollywood Wax Museum',1699),('Houston Museum District',1699),('Hubbard Museum of the American West',1699),('Hudson River Museum',1699),('Idaho Potato Museum',1699),('IL Route 66 Association Hall of Fame & Museum',1699),('Institute of Texan Cultures',1699),('Intel Corp and Museum',1699),('International Towing and Recovery Museum',1699),('International UFO Museum and Research Center',1699),('Jack Sisemore Traveland RV Museum',1699),('Jackson Hole Museum',1699),('Jamestown Settlement',1699),('Japanese American National Museum',1699),('Jekyll Island Museum',1699),('John Wesley Powell Museum',1699),('Jupiter Inlet Lighthouse & Museum',1699),('Kauai Museum',1699),('Kern County Museum',1699),('La Brea Tar Pits and Museum',1699),('Lake Placid Olympic Museum',1699),('Loretta Lynn\'s Ranch',1699),('Los Angeles Museum of the Holocaust',1699),('Lost City Museum',1699),('Louisiana State Museum Baton Rouge',1699),('Madame Tussauds Hollywood',1699),('Maine Lighthouse Museum',1699),('Maturango Museum',1699),('Mayborn Museum Complex',1699),('Merry-Go-Round Museum',1699),('Molly Brown House Museum',1699),('Morris Museum',1699),('Mothman Museum',1699),('Motorcyclepedia Museum',1699),('Muscle Car City Museum',1699),('Museum of American Speed',1699),('Museum of Clean',1699),('Museum of Death',1699),('Museum of Osteology',1699),('Museum of the Big Bend',1699),('Museum of the Great Plains',1699),('Museum of the Plains Indian',1699),('Museum of The Weird',1699),('Museum of the West',1699),('National Automobile Museum',1699),('National Border Patrol Museum',1699),('National Cowgirl Museum and Hall of Fame',1699),('National Cryptologic Museum',1699),('National Geographic Museum',1699),('National Mining Hall of Fame & Museum',1699),('National Motorcycle Museum',1699),('National Museum of Mathematics',1699),('National Mustard Museum',1699),('National Postal Museum',1699),('National Route 66 Museum',1699),('Navy Seal Museum',1699),('Negro Leagues Baseball Museum',1699),('New Hampshire Boat Museum',1699),('New Orleans Pharmacy Museum',1699),('NRA National Firearms Museum',1699),('Oklahoma Route 66 Museum',1699),('Old Montana Prison Complex',1699),('Original McDonald\'s Site and Museum',1699),('Ouray County Museum',1699),('Oz Museum',1699),('Pacific Tsunami Museum',1699),('Patee House Museum',1699),('Patton Museum of Cavalry and Armor',1699),('Pearl Harbor / WW II Valor in the Pacific National Monument',1699),('Penske Racing Museum',1699),('Phoenix Police Museum',1699),('Pontiac-Oakland Automobile Museum',1699),('Pony Express Museum',1699),('Puget Sound Navy Museum',1699),('Revs Institute for Automotive Research, Inc.',1699),('Richard Nixon Presidential Library and Museum',1699),('Riverfront Museum',1699),('Rocky Statue',1699),('Route 66 Mother Road Museum',1699),('RV/MH Hall of Fame and Museum',1699),('Salem Witch Museum',1699),('San Antonio Fire Museum',1699),('San Diego Automotive Museum',1699),('Santa Cruz Surfing Museum',1699),('Sarasota Classic Car Museum',1699),('Sea Glass Museum',1699),('Selena Museum',1699),('Sharlot Hall Museum',1699),('Sharpsteen Museum',1699),('SKELETONS: Animals Unveiled',1699),('Southern Museum of Flight',1699),('Southwest Florida Military Museum & Library',1699),('Spanish Military Hospital Museum',1699),('Superstition Mountain Museum',1699),('Tallahassee Antique Car Museum',1699),('Tate Geological Museum',1699),('Temecula Museum',1699),('Terry Lee Wells Nevada Discovery Museum',1699),('Texas Military Forces Museum',1699),('Texas Ranger Hall of Fame and Museum',1699),('The Andy Griffith Museum',1699),('The Aurora Ice Museum',1699),('The Baker Museum',1699),('The Bryan Museum',1699),('The California Route 66 Museum',1699),('The Dali Museum',1699),('The Durham Museum',1699),('The El Paso Holocaust Museum',1699),('The Grammy Museum',1699),('The Holocaust Museum & Education Center of Southwest Florida',1699),('The Lightner Museum',1699),('The Mob Museum',1699),('The Money Museum',1699),('The Money Museum at the Federal Reserve Bank - Denver Branch',1699),('The Museum @ Black Hills Institute',1699),('The Museum at Bethel Woods',1699),('The National Atomic Testing Museum',1699),('The Saratoga Automobile Museum',1699),('The Whale Museum',1699),('Thomas A. Jaggar Museum',1699),('Titanic Museum Attraction',1699),('Tupelo Automobile Museum',1699),('Tybee Island Lighthouse Museum',1699),('U.S. Army Transportation Museum',1699),('University of Nebraska State Museum',1699),('USS Silversides Submarine Museum',1699),('Walton\'s Mountain Museum',1699),('Wheels Through Time Transportation Museum',1699),('Wisconsin Auto Museum',1699),('Witch Dungeon Museum',1699),('World\'s Largest Toy Museum',1699),('Wrangell Museum',1699),('Wright Museum of WWII',1699),('Wyoming State Museum',1699),('Zippo / Case Museum',1699),('Zwaanendael Museum',1699),('American Jazz Museum',1716),('Autry Museum of the American West',1716),('Country Music Hall of Fame and Museum',1716),('Creative Discovery Museum',1716),('EMP Museum',1716),('Fernbank Museum of Natural History',1716),('Ford\'s Theatre',1716),('George Jones Entertainment Complex',1716),('Hank Williams Museum',1716),('Heard Museum',1716),('Hollywood Wax Museum',1716),('Madame Tussauds New York',1716),('Memphis Rock \'n\' Soul Museum',1716),('Motown Museum',1716),('Museum of Making Music',1716),('Musical Instrument Museum',1716),('Musicians Hall of Fame and Museum',1716),('New Britain Museum of American Art',1716),('Palm Springs Art Museum',1716),('Ralph Foster Museum',1716),('Rock and Roll Hall of Fame and Museum',1716),('Stax Museum of American Soul Music',1716),('The Morgan Library & Museum',1716),('The Nethercutt Collection',1716),('Amon Carter Museum of American Art',1723),('Arizona Science Center',1723),('Armstrong Air & Space Museum',1723),('Baltimore Museum of Industry',1723),('Boston Tea Party Ships & Museum',1723),('Carnegie Museum of Art',1723),('Center for Civil and Human Rights',1723),('Children\'s Museum of Pittsburgh',1723),('Cooper Hewitt, Smithsonian Design Museum',1723),('Corning Museum of Glass',1723),('Creative Discovery Museum',1723),('Dallas Museum of Art',1723),('de Young Museum',1723),('Dr. Seuss National Memorial Sculpture Garden',1723),('Harvard Art Museums',1723),('High Museum of Art',1723),('Hunter Museum of American Art',1723),('Illinois Holocaust Museum & Education Center',1723),('Indiana State Museum',1723),('John F. Kennedy Presidential Museum & Library',1723),('Mint Museum Uptown',1723),('Museum of Arts and Design',1723),('Museum of International Folk Art',1723),('Nantucket Shipwreck & Lifesaving Museum',1723),('National Building Museum',1723),('National Civil Rights Museum - Lorraine Motel',1723),('National Museum of the Marine Corps',1723),('National Watch and Clock Museum',1723),('National World War I Museum and Memorial',1723),('Neue Galerie',1723),('NSU Art Museum',1723),('Oakland Museum of California',1723),('Ohr-O\'Keefe Museum of Art',1723),('Peabody Essex Museum',1723),('Perez Art Museum Miami',1723),('Petersen Automotive Museum',1723),('Pierce-Arrow Museum',1723),('Rhode Island School of Design Museum of Art',1723),('San Diego Natural History Museum',1723),('San Francisco Museum of Modern Art (SFMOMA)',1723),('Savannah Children\'s Museum',1723),('SCAD Museum of Art',1723),('Science Museum of Virginia',1723),('Sky City Cultural Center & Haak\'u Museum',1723),('Solomon R. Guggenheim Museum',1723),('St. Augustine Pirate & Treasure Museum',1723),('T.T. Wentworth Jr. Florida State Museum',1723),('Telfair Museums Telfair Academy',1723),('The Broad',1723),('The Children\'s Museum of the Upstate',1723),('The DoSeum - San Antonio\'s Museum for Kids',1723),('The Mark Twain House & Museum',1723),('The Menil Collection',1723),('The Museum of Modern Art (MoMA)',1723),('The Presbytere',1723),('The Wolfsonian - Florida International University',1723),('Villa Zorayda Museum',1723),('Yale University Art Gallery',1723);
/*!40000 ALTER TABLE `Attraction_Tags_Map` ENABLE KEYS */;
UNLOCK TABLES;

--
-- Table structure for table `Attractions`
--

DROP TABLE IF EXISTS `Attractions`;
/*!40101 SET @saved_cs_client     = @@character_set_client */;
/*!50503 SET character_set_client = utf8mb4 */;
CREATE TABLE `Attractions` (
  `id` int NOT NULL AUTO_INCREMENT,
  `name` varchar(255) NOT NULL,
  `type` varchar(50) NOT NULL,
  `city` varchar(255) NOT NULL,
  `price` float DEFAULT NULL,
  `rating` float DEFAULT NULL,
  PRIMARY KEY (`id`),
  UNIQUE KEY `uq_attractions_name` (`name`)
) ENGINE=InnoDB AUTO_INCREMENT=1797 DEFAULT CHARSET=utf8mb4 COLLATE=utf8mb4_0900_ai_ci;
/*!40101 SET character_set_client = @saved_cs_client */;

--
-- Dumping data for table `Attractions`
--

LOCK TABLES `Attractions` WRITE;
/*!40000 ALTER TABLE `Attractions` DISABLE KEYS */;
INSERT INTO `Attractions` VALUES (1,'TEST MUSEUM','museum','TestCity',0,5),(783,'Newseum','museum','Washington DC',1,4.5),(784,'The Metropolitan Museum of Art','museum','New York City',1,5),(785,'The National WWII Museum','museum','New Orleans',0,5),(786,'Denver Museum of Nature & Science','museum','Denver',0,4.5),(787,'Art Institute of Chicago','museum','Chicago',1,5),(788,'The National 9/11 Memorial & Museum','museum','World Trade Center',0,4.5),(789,'Museum of Fine Arts','museum','St. Petersburg',0,4.5),(790,'The Field Museum','museum','Chicago',1,4.5),(791,'Smithsonian National Museum of Natural History','museum','Washington DC',0,4.5),(792,'Smithsonian National Air and Space Museum','museum','SW',0,4.5),(793,'American Museum of Natural History','museum','New York City',1,4.5),(794,'Museum of Science and Industry','museum','Tampa',0,3.5),(795,'Frick Collection','museum','Fifth Ave.',0,4.5),(796,'National Naval Aviation Museum','museum','NAS Pensacola',0,5),(797,'National Mississippi River Museum & Aquarium','museum','Port of Dubuque',0,4.5),(798,'The Hershey Story','museum','Hershey',0,4.5),(799,'Philadelphia Museum of Art','museum','Philadelphia',1,4.5),(800,'The Ringling','museum','Sarasota',0,4.5),(801,'Balboa Park','museum','San Diego',0,4.5),(802,'The Getty Center','museum','Los Angeles',1,5),(803,'The Houston Museum of Natural Science','museum','Houston',1,4.5),(804,'United States Holocaust Memorial Museum','museum','Washington DC',0,4.5),(805,'The Mob Museum','museum','Las Vegas',0,4.5),(806,'Los Angeles County Museum of Art','museum','Los Angeles',1,4.5),(807,'The Johnny Cash Museum','museum','Nashville',0,4.5),(808,'The Museum of Flight','museum','Seattle',1,4.5),(809,'Perot Museum of Nature and Science','museum','Dallas',0,4.5),(810,'Arizona-Sonora Desert Museum','museum','Tucson',0,5),(811,'EMP Museum','museum','Seattle Center',0,4),(812,'Walt Disney Family Museum','museum','The Presidio',0,4.5),(813,'The Neon Museum','museum','Las Vegas',1,4.5),(814,'The Museum of Modern Art (MoMA)','museum','New York City',1,4.5),(815,'Akta Lakota Museum','museum','Exit 263 off I-90',0,5),(816,'Musical Instrument Museum','museum','Phoenix',0,5),(817,'The Dali Museum','museum','St. Petersburg',0,4.5),(818,'The Sixth Floor Museum/Texas School Book Depository','museum','Dallas',1,4.5),(819,'National Civil Rights Museum - Lorraine Motel','museum','Memphis',0,4.5),(820,'La Brea Tar Pits and Museum','museum','Los Angeles',1,4.5),(821,'Pima Air & Space Museum','museum','Davis-Monthan Air Force Base',0,4.5),(822,'Titanic Museum Attraction','museum','Pigeon Forge',0,4.5),(823,'International Spy Museum','museum','Washington DC',1,4),(824,'Natural History Museum of Los Angeles County','museum','Exposition Park',1,4.5),(825,'Louisville Slugger Museum & Factory','museum','Louisville',0,4.5),(826,'Heard Museum','museum','Phoenix',0,4.5),(827,'Ground Zero Museum Workshop','museum','Floor 2',0,5),(828,'Petersen Automotive Museum','museum','Los Angeles',1,4.5),(829,'National World War I Museum and Memorial','museum','Kansas City',0,5),(830,'Bishop Museum','museum','Honolulu',1,4.5),(831,'USS Midway Museum','museum','San Diego',1,4.5),(832,'City Museum','museum','Saint Louis',0,4.5),(833,'Legion of Honor','museum','Lincoln Park',0,4.5),(834,'Denver Art Museum','museum','Denver',0,4.5),(835,'Cleveland Museum of Art','museum','Cleveland',0,5),(836,'Children\'s Museum of Indianapolis','museum','Indianapolis',0,4.5),(837,'The Henry Ford','museum','Dearborn',0,5),(838,'de Young Museum','museum','Golden Gate Park',0,4.5),(840,'Rosicrucian Egyptian Museum','museum','San Jose',0,4.5),(841,'Museum of Science','museum','Boston',1,4.5),(842,'National Museum of American History','museum','Between 12th and 14th Street',0,4.5),(843,'Nelson-Atkins Museum of Art','museum','Kansas City',0,5),(844,'National Cowboy & Western Heritage Museum','museum','Oklahoma City',0,4.5),(845,'Titanic Museum','museum','Branson',0,4.5),(846,'Gilmore Car Museum','museum','Hickory Corners',0,5),(847,'St. Augustine Pirate & Treasure Museum','museum','Saint Augustine',0,4.5),(848,'Museum of Discovery and Science','museum','Fort Lauderdale',1,4),(849,'Isabella Stewart Gardner Museum','museum','Boston',1,4.5),(850,'Tenement Museum','museum','Lower East Side',0,4.5),(851,'Peabody Essex Museum','museum','161 Essex Street',0,4.5),(852,'Carnegie Museum of Natural History','museum','Pittsburgh',0,4.5),(853,'Country Music Hall of Fame and Museum','museum','Nashville',1,4.5),(854,'National Gallery of Art','museum','Washington DC',0,5),(855,'North Carolina Museum of Natural Sciences','museum','Raleigh',0,4.5),(856,'Smithsonian American Art Museum','museum','NW',0,4.5),(857,'National Museum of the U.S. Air Force','museum','Wright-Patterson Air Force Base',0,5),(858,'Toledo Museum of Art','museum','Toledo',0,5),(859,'Buffalo Bill Center of the West','museum','Cody',0,5),(860,'Bullock Texas State History Museum','museum','Austin',0,4.5),(861,'Children\'s Museum of Houston','museum','Houston',1,4.5),(862,'Wheels Through Time Transportation Museum','museum','Maggie Valley',0,5),(863,'Boston Tea Party Ships & Museum','museum','Boston',0,4.5),(864,'Chihuly Garden and Glass','museum','Seattle',0,5),(865,'Kentucky Derby Museum','museum','Louisville',0,4.5),(866,'National Infantry Museum and Soldier Center','museum','Columbus',0,5),(867,'Museum of Northern Arizona','museum','Flagstaff',0,4.5),(868,'National Museum of the Pacific War','museum','Fredericksburg',0,5),(869,'Simeone Foundation Automotive Museum','museum','Philadelphia',0,4.5),(870,'Abraham Lincoln Presidential Library and Museum','museum','Springfield',0,5),(871,'Crystal Bridges Museum of American Art','museum','Bentonville',0,5),(872,'Corning Museum of Glass','museum','Corning',0,4.5),(873,'California State Railroad Museum','museum','Sacramento',0,5),(874,'John F. Kennedy Presidential Museum & Library','museum','Boston',1,4.5),(875,'Museum of Fine Arts, Houston','museum','Houston',1,4.5),(876,'The Franklin Institute','museum','Philadelphia',1,4.5),(877,'Dallas Museum of Art','museum','Dallas',0,4.5),(878,'Cincinnati Museum Center at Union Terminal','museum','Cincinnati',0,4.5),(879,'John F Kennedy Hyannis Museum','museum','Hyannis',0,4),(880,'Anchorage Museum at Rasmuson Center','museum','Anchorage',0,4.5),(881,'Palm Springs Art Museum','museum','Palm Springs',0,4.5),(882,'High Museum of Art','museum','Atlanta',0,4.5),(883,'The Walters Art Museum','museum','Baltimore',0,5),(884,'Forney Museum of Transportation','museum','Denver',0,4.5),(885,'Virginia Museum of Fine Arts','museum','Richmond',0,5),(886,'Museum of Osteology','museum','Oklahoma City',0,5),(887,'Seattle Art Museum','museum','Between Union & University Street',0,4.5),(888,'Perez Art Museum Miami','museum','Miami',0,4.5),(889,'Milwaukee Art Museum','museum','Milwaukee',0,4.5),(890,'Holocaust Museum Houston','museum','Houston',0,4.5),(891,'Museum of International Folk Art','museum','Santa Fe',0,4.5),(892,'New York State Museum','museum','Albany',0,4.5),(893,'US Army Museum of Hawaii','museum','Honolulu',0,4.5),(894,'Intrepid Sea, Air & Space Museum','museum','Pier 86',0,4.5),(895,'Norton Simon Museum','museum','Pasadena',0,5),(896,'Portland Museum of Art','museum','Portland',0,4.5),(897,'New-York Historical Society Museum & Library','museum','at Richard Gilder Way (77th Street)',0,4),(898,'The Barnes Foundation','museum','Philadelphia',0,4.5),(899,'USS Constitution Museum','museum','Charlestown',0,4.5),(900,'Smithsonian National Air and Space Museum Steven F. Udvar-Hazy Center','museum','Chantilly',0,5),(901,'Selena Museum','museum','Corpus Christi',0,4.5),(902,'Milwaukee Public Museum','museum','Milwaukee',0,4.5),(903,'The Lightner Museum','museum','Saint Augustine',0,4.5),(904,'Richard H. Driehaus Museum','museum','Chicago',1,4.5),(905,'Fernbank Museum of Natural History','museum','Atlanta',0,4),(906,'Georgia O\'Keeffe Museum','museum','Santa Fe',0,4),(907,'Erie Canal Museum','museum','Syracuse',0,4.5),(908,'North Carolina Museum of Art','museum','Raleigh',0,4.5),(909,'The Strong National Museum of Play','museum','Rochester',1,5),(910,'GulfQuest National Maritime Museum of the Gulf of Mexico','museum','Mobile',0,4.5),(911,'Baltimore Museum of Industry','museum','Baltimore',0,4.5),(912,'Airborne and Special Operations Museum','museum','Fayetteville',0,5),(913,'Natural History Museum of Utah','museum','Salt Lake City',0,4.5),(914,'Superstition Mountain Museum','museum','Apache Junction',0,4.5),(915,'California Academy of Sciences','museum','Golden Gate Park',1,4.5),(916,'Vizcaya Museum and Gardens','museum','Miami',1,4.5),(917,'Harley-Davidson Museum','museum','At the corner of 6th and Canal',0,4.5),(918,'Norman Rockwell Museum','museum','Stockbridge',0,4.5),(919,'Arabia Steamboat Museum','museum','Kansas City',0,4.5),(920,'Lane Motor Museum','museum','Nashville',1,4.5),(921,'The Buckhorn Saloon and Texas Ranger Museum','museum','San Antonio',0,4),(922,'The Broad','museum','Los Angeles',0,4.5),(923,'The Cummer Museum of Art and Gardens','museum','Jacksonville',0,4.5),(924,'Fort Collins Museum of Discovery','museum','Fort Collins',0,4.5),(925,'Rodin Museum','museum','Philadelphia',0,4.5),(926,'Illinois State Museum','museum','Springfield',0,4.5),(927,'Columbia River Maritime Museum','museum','Astoria',0,4.5),(928,'Mint Museum Uptown','museum','Levine Center for the Arts',0,4.5),(929,'Phoenix Art Museum','museum','Phoenix',0,4.5),(930,'Cable Car Museum','museum','San Francisco',0,4.5),(931,'Portland Art Museum','museum','Portland',0,4.5),(932,'Indianapolis Museum of Art','museum','Indianapolis',1,4.5),(933,'Barber Vintage Motorsports Museum','museum','Birmingham',0,5),(934,'Please Touch Museum','museum','Philadelphia',1,4.5),(935,'Dwight D. Eisenhower Library and Museum','museum','Abilene',0,4.5),(936,'Kimbell Art Museum','museum','Fort Worth',0,5),(937,'Brooklyn Museum','museum','Brooklyn',0,4.5),(938,'National Corvette Museum','museum','Exit 28 off I 65',0,4.5),(939,'Ocean Star Offshore Drilling Rig & Museum','museum','20th Street at Harborside Drive',0,4.5),(940,'Stax Museum of American Soul Music','museum','Memphis',0,4.5),(941,'Memphis Rock \'n\' Soul Museum','museum','Memphis',0,4.5),(942,'Dallas Holocaust Museum','museum','Suite 100',1,4.5),(943,'The George W. Bush Presidential Library and Museum','museum','Dallas',0,4.5),(944,'Tennessee State Museum','museum','Nashville',0,4.5),(945,'Carolinas Aviation Museum','museum','Charlotte',0,4.5),(946,'Salem Witch Museum','museum','Salem',0,3),(947,'Charleston Museum','museum','Charleston',0,4.5),(948,'National Museum of the Marine Corps','museum','Triangle',0,5),(949,'The National Quilt Museum','museum','I-24 Downtown Loop',0,5),(950,'Minneapolis Institute of Art','museum','Minneapolis',0,5),(951,'American Visionary Art Museum','museum','Baltimore',0,4.5),(952,'Detroit Institute of Arts','museum','Detroit',0,5),(953,'The Children\'s Museum of the Upstate','museum','Greenville',0,4.5),(954,'The Met Cloisters','museum','Fort Tryon Park',1,4.5),(955,'The Mini Time Machine Museum of Miniatures','museum','Tucson',0,4.5),(956,'South Florida Museum and Bishop Planetarium','museum','Bradenton',0,4.5),(957,'McNay Art Museum','museum','San Antonio',1,4.5),(958,'Missouri Civil War Museum','museum','at historic Jefferson Barracks',0,5),(959,'Grand Rapids Public Museum','museum','Grand Rapids',0,4.5),(960,'Gettysburg Museum & Visitor Center','museum','Gettysburg',0,4.5),(961,'National Automobile Museum','museum','Reno',0,4.5),(962,'Mutter Museum','museum','Philadelphia',1,4),(963,'Houston Museum District','museum','TX',0,4.5),(964,'Crocker Art Museum','museum','Sacramento',0,4.5),(965,'Old Slave Mart Museum','museum','Charleston',0,4),(966,'Andy Warhol Museum','museum','Pittsburgh',0,4),(967,'Philbrook Museum of Art','museum','Tulsa',0,5),(968,'Walton\'s Mountain Museum','museum','Schuyler',0,4),(970,'San Antonio Museum of Art','museum','San Antonio',1,4.5),(971,'Museum of Sex','museum','New York City',0,2.5),(972,'Chrysler Museum of Art','museum','Norfolk',0,5),(973,'Museum of History & Industry','museum','Seattle',0,4.5),(974,'Pilgrim Monument & Provincetown Museum','museum','Provincetown',0,4.5),(975,'Kirkland Museum of Fine & Decorative Art','museum','Denver',0,4.5),(976,'Dennos Museum Center','museum','Northwestern Michigan College',0,4.5),(977,'The Grammy Museum','museum','Ste. A245',0,4.5),(978,'Hollywood Wax Museum','museum','Los Angeles',0,3.5),(979,'Pink Palace Museum','museum','Memphis',0,4),(980,'High Desert Museum','museum','Bend',0,4.5),(981,'Museum Hack','museum','New York City',0,5),(982,'The Exploratorium','museum','on the Embarcadero',1,4.5),(983,'Whitney Museum of American Art','museum','New York City',0,4.5),(984,'The Eiteljorg Museum','museum','Indianapolis',0,4.5),(985,'Saint Louis Art Museum','museum','Forest Park',0,4.5),(986,'Ogden Museum of Southern Art','museum','New Orleans',0,4.5),(987,'Cincinnati Art Museum','museum','Cincinnati',0,4.5),(988,'Henry B. Plant Museum','museum','Tampa',0,4.5),(989,'University of Alaska Museum of the North','museum','Fairbanks',0,4.5),(990,'Palm Springs Air Museum','museum','Palm Springs',0,4.5),(991,'National Mustard Museum','museum','Middleton',0,4.5),(992,'Solomon R. Guggenheim Museum','museum','New York City',0,3.5),(993,'New York Transit Museum','museum','Brooklyn',0,4.5),(994,'Museum of the Rockies','museum','Bozeman',0,4.5),(995,'Frontiers of Flight Museum','museum','Dallas',1,4.5),(996,'International UFO Museum and Research Center','museum','Roswell',0,3.5),(997,'Ford\'s Theatre','museum','Washington DC',0,4.5),(998,'Creation Museum','museum','Petersburg',0,4.5),(999,'Maryhill Museum of Art','museum','Goldendale',0,4.5),(1000,'Zippo / Case Museum','museum','Bradford',0,4.5),(1001,'Institute of Texan Cultures','museum','San Antonio',0,4.5),(1002,'National Portrait Gallery','museum','Smithsonian Institution',0,4.5),(1003,'Automobile Driving Museum','museum','El Segundo',0,4.5),(1004,'Madame Tussauds New York','museum','New York City',0,4),(1005,'Golden Gate Park','museum','San Francisco',0,4.5),(1006,'Oklahoma City National Memorial & Museum','museum','Oklahoma City',0,5),(1007,'Mill City Museum','museum','Minneapolis',0,4.5),(1008,'Honolulu Museum of Art','museum','Honolulu',0,4.5),(1009,'Wings Over the Rockies Air & Space Museum','museum','Denver',0,4.5),(1010,'Asian Art Museum','museum','San Francisco',0,4.5),(1011,'Detroit Historical Museum','museum','Detroit',0,4.5),(1012,'Rhode Island School of Design Museum of Art','museum','Providence',0,4.5),(1013,'Military Aviation Museum','museum','Virginia Beach',0,4.5),(1014,'International Towing and Recovery Museum','museum','Chattanooga',0,4.5),(1015,'The National Atomic Testing Museum','museum','Las Vegas',1,4),(1016,'Cleveland Museum of Natural History','museum','University Circle',0,4.5),(1017,'Indianapolis Motor Speedway Museum','museum','Indianapolis',0,4.5),(1018,'Adams Museum','museum','Deadwood',0,4.5),(1019,'Museum of the Cherokee Indian','museum','Cherokee',0,4.5),(1020,'Fort Lauderdale Antique Car Museum','museum','Fort Lauderdale',1,4.5),(1021,'International Civil Rights Center & Museum','museum','Greensboro',0,4.5),(1022,'National Museum of American Jewish History','museum','Philadelphia',0,4.5),(1023,'Boston Children\'s Museum','museum','Boston',0,4.5),(1024,'Creative Discovery Museum','museum','Chattanooga',0,4.5),(1026,'The Blanton Museum of Art','museum','University of Texas at Austin',0,4.5),(1027,'North Carolina Museum of History','museum','Raleigh',0,4.5),(1028,'Harvard Museum of Natural History','museum','Cambridge',1,4.5),(1029,'The White House and Museum of the Confederacy','museum','Richmond',0,4.5),(1030,'National Museum of the Mighty Eighth Air Force','museum','Pooler',1,5),(1031,'National Motorcycle Museum','museum','Anamosa',0,5),(1032,'Museum of World Treasures','museum','Wichita',0,4.5),(1033,'Briscoe Western Art Museum','museum','San Antonio',0,4.5),(1034,'Baltimore Museum of Art','museum','Baltimore',0,4.5),(1035,'Motown Museum','museum','Detroit',1,4.5),(1036,'The Submarine Force Museum','museum','Groton',0,4.5),(1037,'Rock and Roll Hall of Fame and Museum','museum','Cleveland',0,4.5),(1038,'South Dakota Air and Space Museum','museum','Bldg#5208',0,4.5),(1039,'The National Museum of Nuclear Science & History','museum','Albuquerque',0,4.5),(1040,'Whaling Museum','museum','Nantucket',0,4.5),(1041,'Norton Museum of Art','museum','West Palm Beach',0,4.5),(1042,'Chicago History Museum','museum','Chicago',0,4.5),(1043,'Revs Institute for Automotive Research, Inc.','museum','Naples',0,5),(1044,'Princeton University Art Museum','museum','Princeton',0,5),(1045,'Old Red Museum','museum','Dallas',1,4),(1046,'New Orleans Museum of Art','museum','New Orleans',0,4.5),(1047,'American Museum of Science & Energy','museum','Oak Ridge',0,4.5),(1048,'San Diego Air & Space Museum','museum','Balboa Park',0,4),(1049,'The Tech Museum of Innovation','museum','San Jose',0,4),(1050,'Miami Children\'s Museum','museum','Miami',1,4),(1051,'Gilcrease Museum','museum','Tulsa',0,4.5),(1052,'Dr Pepper Museum','museum','Waco',0,4),(1053,'Air Force Armament Museum','museum','Eglin Air Force Base',0,4.5),(1054,'Shelburne Museum','museum','Shelburne',0,4.5),(1055,'California Science Center','museum','Los Angeles',0,4.5),(1056,'The Mariners\' Museum & Park','museum','Newport News',0,5),(1057,'National Mall','museum','Washington DC',0,4.5),(1058,'Charles M. Schulz Museum','museum','Santa Rosa',0,4.5),(1059,'The Walmart Museum','museum','Bentonville',0,4.5),(1060,'Coastal Discovery Museum','museum','North End',0,4.5),(1061,'Frazier History Museum','museum','Louisville',0,4.5),(1062,'Pacific Aviation Museum Pearl Harbor','museum','Historic Ford Island',0,4.5),(1063,'National Museum of the American Indian','museum','New York City',0,4),(1064,'Levine Museum of the New South','museum','Charlotte',0,4.5),(1065,'Madame Tussauds - Las Vegas','museum','Suite 2001',0,4),(1066,'Charles Hosmer Morse Museum of American Art','museum','Winter Park',0,5),(1067,'Childrens Museum of Phoenix','museum','Phoenix',0,4.5),(1068,'National Watch and Clock Museum','museum','Columbia',0,4.5),(1069,'Maritime Museum of San Diego','museum','San Diego',0,4.5),(1070,'Antique Automobile Club of America Museum','museum','Hershey',0,4.5),(1071,'DAR Museum','museum','Washington DC',0,4.5),(1072,'National Postal Museum','museum','Washington DC',0,4.5),(1073,'Carnegie Museum of Art','museum','Pittsburgh',0,4.5),(1074,'National Underground Railroad Freedom Center','museum','Cincinnati',0,4.5),(1075,'Landis Valley Museum','museum','Lancaster',0,4.5),(1076,'The History Museum','museum','South Bend',0,4.5),(1077,'Museum of Jewish Heritage','museum','Edmond J. Safra Plaza',0,4.5),(1078,'National Museum of World War II Aviation','museum','Colorado Springs',0,5),(1079,'NSU Art Museum','museum','Fort Lauderdale',0,4),(1080,'Arizona Route 66 Museum','museum','Historic Powerhouse',0,4.5),(1081,'Museum of Native American History','museum','Bentonville',0,5),(1082,'Jimmy Carter Library & Museum','museum','Atlanta',1,4.5),(1083,'Tillamook Air Museum','museum','Tillamook',0,4),(1084,'New Hampshire Boat Museum','museum','Wolfeboro',0,4.5),(1085,'American Sign Museum','museum','Cincinnati',0,4.5),(1086,'Museum of Geology','museum','Rapid City',0,4.5),(1087,'Oregon Museum of Science and Industry','museum','Portland',0,4.5),(1088,'Wright Museum of WWII','museum','Wolfeboro',0,5),(1089,'Virginia Holocaust Museum','museum','Richmond',0,4.5),(1090,'Cradle of Aviation Museum','museum','Garden City',0,4.5),(1091,'Rocky Statue','museum','Center City Phila',0,4),(1092,'Smithsonian Institution Building','museum','Washington DC',0,4.5),(1093,'The Durham Museum','museum','Omaha',0,4.5),(1094,'Currier Museum of Art','museum','Manchester',0,4.5),(1095,'Titan Missile Museum','museum','Sahuarita',0,4.5),(1096,'Lucy Desi Center For Comedy','museum','Jamestown',0,4.5),(1097,'Wells Fargo History Museum','museum','Anchorage',0,4.5),(1098,'The Nethercutt Collection','museum','Sylmar',0,5),(1099,'South Carolina State Museum','museum','Columbia',0,4.5),(1100,'Pensacola Lighthouse and Museum','museum','Pensacola',0,4.5),(1101,'Mel Fisher Maritime Heritage Museum','museum','Key West',0,4),(1102,'Harwood Museum of Art','museum','Taos',0,4.5),(1103,'New Mexico History Museum','museum','Santa Fe',0,4.5),(1104,'National Geographic Museum','museum','Washington DC',0,4),(1105,'Kentucky Horse Park','museum','Lexington',0,4.5),(1106,'Evergreen Aviation & Space Museum','museum','McMinnville',0,4.5),(1107,'National Civil War Museum','museum','Harrisburg',0,4.5),(1109,'Children\'s Museum of Pittsburgh','museum','Pittsburgh',0,4.5),(1110,'Key West Shipwreck Treasure Museum','museum','Key West',0,4),(1111,'Benjamin Franklin Museum','museum','Philadelphia',0,4.5),(1112,'The Journey Museum & Learning Center','museum','Rapid City',0,4.5),(1113,'Southwest Florida Museum of History','museum','Fort Myers',0,4),(1114,'Florida Museum of Natural History','museum','Gainesville',0,4.5),(1115,'The Getty Villa','museum','Pacific Palisades',1,4.5),(1116,'Joslyn Art Museum','museum','Omaha',0,4.5),(1118,'Arizona Museum of Natural History','museum','Mesa',0,4.5),(1119,'Museum of Life + Science','museum','Durham',0,4.5),(1120,'Wisconsin Maritime Museum','museum','Manitowoc',0,4.5),(1121,'San Francisco Museum of Modern Art (SFMOMA)','museum','Enter on Howard or Third Street',0,4.5),(1122,'Buffalo Bill Grave and Museum','museum','Golden',0,4),(1123,'Colorado Railroad Museum','museum','Golden',0,4),(1124,'Pacific Science Center','museum','Seattle',1,4),(1125,'National Museum of Funeral History','museum','Houston',1,4.5),(1126,'Florida Holocaust Museum','museum','St. Petersburg',0,4.5),(1127,'Lone Star Flight Museum','museum','Galveston',0,4.5),(1128,'Oriental Institute Museum','museum','Chicago',0,4.5),(1129,'Missouri History Museum','museum','Saint Louis',0,4.5),(1130,'Indiana State Museum','museum','Indianapolis',0,4.5),(1131,'Museum of the City of New York','museum','at 103rd Street',0,4),(1132,'Museum of Indian Arts & Culture','museum','Santa Fe',0,4.5),(1133,'Hollywood Star Cars Museum','museum','Gatlinburg',0,4),(1134,'Oakland Museum of California','museum','Oakland',0,4.5),(1135,'Park City Museum','museum','Park City',0,4.5),(1136,'Michael C. Carlos Museum','museum','Atlanta',0,4.5),(1137,'Tampa Bay History Center','museum','Tampa',0,4.5),(1138,'Adirondack Museum','museum','Blue Mountain Lake',0,5),(1139,'The Phillips Collection','museum','Washington DC',0,4.5),(1140,'Gettysburg Museum of History','museum','Gettysburg',0,5),(1141,'Circus World','museum','Baraboo',0,4.5),(1142,'Texas Civil War Museum','museum','Fort Worth',0,4.5),(1143,'Rosa Parks Library and Museum','museum','251 Montgomery Street',0,4.5),(1144,'Penn Museum','museum','Philadelphia',0,4.5),(1145,'Mashantucket Pequot Museum & Research Center','museum','Mashantucket',0,4.5),(1146,'The Hollywood Museum','museum','Los Angeles',0,4),(1147,'Madame Tussauds Hollywood','museum','Los Angeles',0,4),(1148,'National Museum of the Great Lakes','museum','Toledo',0,5),(1149,'Franklin G. Burroughs - Simeon B. Chapin Art Museum','museum','Myrtle Beach',0,4.5),(1150,'North Museum of Nature and Science','museum','Lancaster',0,4),(1151,'Clyfford Still Museum','museum','Denver',0,4.5),(1152,'Concord Museum','museum','Route 2A',0,4.5),(1153,'Telfair Museums Telfair Academy','museum','Savannah',1,4),(1154,'Springfield Museums','museum','Springfield',0,4.5),(1155,'Roswell Museum & Art Center','museum','Roswell',0,4.5),(1156,'Heritage Museums & Gardens','museum','Sandwich',0,4.5),(1157,'Nevada State Museum','museum','Carson City',0,4.5),(1158,'Ellis Island Immigration Museum','museum','New York City',0,4.5),(1159,'Wadsworth Atheneum Museum of Art','museum','Hartford',0,4.5),(1160,'Birmingham Museum of Art','museum','Birmingham',0,4.5),(1161,'SKELETONS: Animals Unveiled','museum','Suite 250',0,4.5),(1162,'Corpus Christi Museum of Science and History','museum','Corpus Christi',0,4),(1163,'The Aurora Ice Museum','museum','Chena Hot Springs Resort',0,4),(1164,'Bennington Museum','museum','Bennington',0,4.5),(1165,'Museum of Chincoteague','museum','Chincoteague Island',0,4.5),(1166,'Center for Civil and Human Rights','museum','Atlanta',0,4.5),(1167,'Cape Fear Museum','museum','Wilmington',0,4.5),(1168,'Pontiac-Oakland Automobile Museum','museum','Pontiac',0,4.5),(1169,'Museum of Ojibwa Culture','museum','Saint Ignace',0,4.5),(1170,'Gerald R. Ford Museum','museum','Grand Rapids',0,4.5),(1171,'Albuquerque Museum','museum','In the heart of Old Town',0,4.5),(1172,'Bradbury Science Museum','museum','Los Alamos',0,4.5),(1173,'Tupelo Automobile Museum','museum','Corner Franklin & Otis Across from BancorpSouth Arena',0,4.5),(1174,'Museum of Death','museum','Los Angeles',0,4),(1175,'Delta Flight Museum','museum','Bldg. B',0,4.5),(1176,'Science Museum Oklahoma','museum','Oklahoma City',0,4.5),(1177,'Senator John Heinz History Center','museum','Pittsburgh',0,4.5),(1178,'The Bailey-Matthews National Shell Museum','museum','Sanibel Island',0,4.5),(1179,'Hunter Museum of American Art','museum','Chattanooga',0,4.5),(1180,'Chesapeake Bay Maritime Museum','museum','Navy Point',0,4.5),(1181,'Turquoise Museum','museum','Albuquerque',0,4.5),(1182,'45th Infantry Division Museum','museum','Oklahoma City',0,4.5),(1183,'Science Museum of Minnesota','museum','Saint Paul',0,4.5),(1184,'Henry Morrison Flagler Museum','museum','Palm Beach',0,4.5),(1185,'The DoSeum - San Antonio\'s Museum for Kids','museum','San Antonio',1,4.5),(1186,'Living Computer Museum','museum','Seattle',0,4.5),(1187,'MOAS - Museum of Arts and Sciences','museum','Daytona Beach',0,4.5),(1188,'Children\'s Discovery Museum','museum','Normal',0,4.5),(1189,'New Orleans Pharmacy Museum','museum','New Orleans',0,4.5),(1190,'Madison Children\'s Museum','museum','Madison',0,4.5),(1191,'IL Route 66 Association Hall of Fame & Museum','museum','Pontiac',0,4.5),(1192,'Science Museum of Virginia','museum','Richmond',0,4),(1193,'Naval Air Station Wildwood Aviation Museum','museum','Rio Grande (City for Gps)',0,4.5),(1194,'Oregon Historical Society Museum','museum','Portland',0,4.5),(1195,'Museum of Arts and Design','museum','New York City',0,4.5),(1196,'Mississippi Children\'s Museum','museum','Jackson',0,4.5),(1197,'Cooper Hewitt, Smithsonian Design Museum','museum','New York City',0,4.5),(1198,'Museum of Glass','museum','Tacoma',0,4),(1199,'Boot Hill Museum','museum','Dodge City',0,4.5),(1200,'R.E. Olds Transportation Museum','museum','Lansing',0,4.5),(1201,'Navy Seal Museum','museum','Fort Pierce',0,4.5),(1202,'Amelia Island Museum of History','museum','Fernandina Beach',0,4.5),(1203,'Jamestown Settlement','museum','Route 31 S',0,4.5),(1204,'The Rockwell Museum','museum','Corning',0,4.5),(1205,'The Andy Griffith Museum','museum','Mount Airy',0,4),(1206,'Studebaker National Museum','museum','South Bend',0,4.5),(1207,'The El Paso Holocaust Museum','museum','El Paso',0,4.5),(1208,'Oklahoma City Museum of Art','museum','Oklahoma City',0,4.5),(1209,'Galveston Island Railroad Museum and Terminal','museum','Galveston',0,4),(1210,'Negro Leagues Baseball Museum','museum','Kansas City',0,4.5),(1211,'Edison & Ford Winter Estates','museum','Fort Myers',0,4.5),(1212,'LeMay - America\'s Car Museum','museum','Tacoma',0,4.5),(1213,'Wyoming State Museum','museum','Cheyenne',0,4.5),(1214,'Newark Museum','museum','Newark',0,4.5),(1215,'Children\'s Museum of Denver','museum','Marsico Campus',0,4),(1216,'Museum of the Moving Image','museum','Astoria',0,4.5),(1217,'Historic Jamestowne','museum','Williamsburg',0,4.5),(1218,'Texas Ranger Hall of Fame and Museum','museum','I-35 and University Parks Drive',0,4.5),(1219,'New York City Fire Museum','museum','New York City',0,4.5),(1220,'Savannah History Museum','museum','Savannah',1,4),(1221,'Discovery Park of America','museum','Union City',0,5),(1222,'Weisman Art Museum','museum','Minneapolis',0,4.5),(1223,'Yale Peabody Museum of Natural History','museum','New Haven',0,4.5),(1224,'Museum of Florida History','museum','Tallahassee',0,4.5),(1225,'Western Spirit: Scottsdale\'s Museum of the West','museum','Scottsdale',0,4.5),(1226,'Estrella Warbird Air Museum','museum','Paso Robles',0,4.5),(1227,'Jack Sisemore Traveland RV Museum','museum','Amarillo',0,5),(1228,'Washington County Museum of Fine Arts','museum','Hagerstown',0,4.5),(1229,'Ann Arbor Hands-On Museum','museum','Ann Arbor',0,4.5),(1230,'George Eastman Museum','museum','Rochester',0,4.5),(1231,'Glazer Children\'s Museum','museum','Tampa',0,4),(1232,'Ca d\'Zan Mansion','museum','Sarasota',0,4.5),(1233,'Children\'s Museum of Winston-Salem','museum','Winston Salem',0,4.5),(1234,'Museum of Aviation','museum','Robins AFB',0,4.5),(1235,'Muhammad Ali Center','museum','Louisville',0,4.5),(1236,'Museum of Russian Icons','museum','Clinton',0,5),(1237,'Witte Museum','museum','At the edge of Brackenridge Park',1,4),(1238,'Louisiana State Museum Baton Rouge','museum','Baton Rouge',0,4.5),(1239,'Pin Point Heritage Museum','museum','Savannah',0,5),(1240,'Boca Raton Museum of Art','museum','Mizner Park',0,4),(1241,'The Delta Blues Museum','museum','Clarksdale',0,4.5),(1242,'West Virginia State Museum','museum','Capitol Complex',0,4.5),(1243,'Bainbridge Island Museum of Art','museum','Bainbridge Island',0,4.5),(1244,'Strasburg Rail Road','museum','Ronks',0,4.5),(1245,'Air Mobility Command Museum','museum','Dover Air Force Base',0,5),(1246,'Fort East Martello Museum','museum','Key West',0,4),(1247,'Computer History Museum','museum','Mountain View',0,4.5),(1248,'Vulcan Park and Museum','museum','Birmingham',0,4.5),(1249,'California Automobile Museum','museum','Sacramento',0,4.5),(1250,'Bowers Museum of Cultural Art','museum','Santa Ana',0,4.5),(1251,'Colorado Springs Pioneers Museum','museum','Colorado Springs',0,4.5),(1252,'Mayborn Museum Complex','museum','Waco',0,4.5),(1253,'New Orleans Historic Voodoo Museum','museum','At Bourbon',0,3.5),(1254,'Worcester Art Museum','museum','Worcester',0,4.5),(1255,'Ah-Tah-Thi-Ki Museum','museum','Big Cypress Seminole Reservation',0,4.5),(1256,'MIT Museum','museum','Mit Bldg N51',0,4),(1257,'National Building Museum','museum','Washington DC',0,4),(1258,'Potter\'s Wax Museum','museum','Saint Augustine',0,4),(1259,'Mobile Carnival Museum','museum','Mobile',0,4.5),(1260,'Millicent Rogers Museum','museum','Taos',0,4.5),(1261,'Abby Aldrich Rockefeller Folk Art Museum','museum','Williamsburg',0,4.5),(1262,'Augusta Museum of History','museum','Augusta',0,4.5),(1263,'Texas Military Forces Museum','museum','Building 6 Camp Mabry',0,4.5),(1264,'American Computer Museum','museum','Unit 1-A',0,5),(1265,'Jupiter Inlet Lighthouse & Museum','museum','Jupiter',0,4.5),(1266,'Museum Hack DC','museum','Washington DC',0,5),(1267,'Vero Beach Museum of Art','museum','Vero Beach',0,4.5),(1268,'Children\'s Museum of Manhattan','museum','New York City',1,4),(1269,'The Wolfsonian - Florida International University','museum','Miami Beach',0,4.5),(1270,'New Bedford Whaling Museum','museum','New Bedford',0,5),(1271,'Museum of the Shenandoah Valley','museum','Winchester',0,4.5),(1272,'Motorcyclepedia Museum','museum','Newburgh',0,5),(1273,'Edgar Allan Poe Museum','museum','Richmond',0,4),(1274,'Tampa Museum of Art','museum','Tampa',0,3.5),(1275,'The Morgan Library & Museum','museum','New York City',0,4.5),(1276,'Museum of Idaho','museum','Idaho Falls',0,4.5),(1277,'Nevada Museum of Art','museum','Prices',0,4.5),(1278,'New Mexico Museum of Art','museum','Santa Fe',0,4.5),(1279,'Mississippi Museum of Natural Science','museum','Jackson',0,4.5),(1280,'The Museum of Western Art','museum','Kerrville',0,4.5),(1281,'Kemper Museum of Contemporary Art','museum','Kansas City',0,4.5),(1282,'Marco Island Historical Museum','museum','Marco Island',0,4.5),(1283,'History Museum of Mobile','museum','Southern Market/Old City Hall',0,4.5),(1284,'San Antonio Fire Museum','museum','San Antonio',0,4.5),(1285,'Glore Psychiatric Museum','museum','Saint Joseph',0,4.5),(1286,'Route 66 Mother Road Museum','museum','Barstow',0,4.5),(1287,'DeWitt Wallace Decorative Arts Museum','museum','Williamsburg',0,4.5),(1288,'Forest Park','museum','Saint Louis',0,5),(1289,'The Menil Collection','museum','Houston',0,4.5),(1290,'Oklahoma Route 66 Museum','museum','Clinton',0,4.5),(1291,'Neue Galerie','museum','New York City',0,4.5),(1292,'Jewish Museum of Florida - FIU','museum','Florida International University',0,4.5),(1293,'The Jewish Museum','museum','New York City',1,4.5),(1294,'Franklin D. Roosevelt Presidential Library and Museum','museum','Hyde Park',0,5),(1295,'Museum of Making Music','museum','Carlsbad',0,4.5),(1296,'Marbles Kids Museum','museum','Raleigh',0,4.5),(1297,'Chudnow Museum of Yesteryear','museum','Milwaukee',0,5),(1298,'Ronald Reagan Presidential Library and Museum','museum','Simi Valley',0,5),(1299,'Cosmosphere','museum','Hutchinson',0,4.5),(1300,'Booth Western Art Museum','museum','Cartersville',0,5),(1301,'Kern County Museum','museum','Bakersfield',0,4.5),(1302,'Santa Barbara Museum of Art','museum','Santa Barbara',0,4.5),(1303,'Farnsworth Art Museum','museum','Rockland',0,4.5),(1304,'Sandwich Glass Museum','museum','Sandwich',0,4.5),(1305,'Tread of Pioneers Museum','museum','Steamboat Springs',0,4.5),(1306,'National Route 66 Museum','museum','Elk City',0,4.5),(1307,'Cape Ann Museum','museum','Gloucester',0,4.5),(1308,'Graveyard of the Atlantic Museum','museum','Hatteras Island',0,4),(1309,'Panhandle-Plains Historical Museum','museum','Canyon',0,5),(1310,'John Wayne Birthplace & Museum','museum','Winterset',0,4),(1311,'Meteor Crater','museum','Winslow',0,4),(1312,'Museum of Science and History','museum','Jacksonville',0,4),(1313,'Maritime and Seafood Industry Museum','museum','Biloxi',0,4.5),(1314,'Museum of Contemporary Art','museum','Chicago',0,4),(1315,'LSU Rural Life Museum','museum','Baton Rouge',0,4.5),(1316,'National Museum of Wildlife Art','museum','Jackson',0,4.5),(1317,'Fountainhead Antique Auto Museum','museum','Wedgewood Resort',0,5),(1318,'Ralph Foster Museum','museum','Point Lookout',0,4.5),(1319,'Sharlot Hall Museum','museum','Prescott',0,4.5),(1320,'Great Lakes Shipwreck Museum','museum','Paradise',0,4.5),(1321,'Klondike Gold Rush National Historical Park','museum','Seattle',0,4.5),(1322,'North Carolina Maritime Museum','museum','Beaufort',0,4.5),(1323,'Strawbery Banke Museum','museum','Portsmouth',0,4.5),(1324,'Taft Museum of Art','museum','Cincinnati',0,4.5),(1325,'Santa Barbara Maritime Museum','museum','at the Santa Babara Harbor',0,4.5),(1326,'Museum of the Great Plains','museum','Lawton',0,4.5),(1327,'Old Montana Prison Complex','museum','Deer Lodge',0,4.5),(1328,'Money Museum at the Federal Reserve Bank','museum','Chicago',0,4.5),(1329,'The Clark Art Institute','museum','Williamstown',0,4.5),(1330,'National Border Patrol Museum','museum','El Paso',0,4.5),(1331,'New Mexico Museum of Natural History and Science','museum','Albuquerque',0,4.5),(1332,'Virginia Living Museum','museum','Newport News',0,4.5),(1333,'Museum of Biblical Art','museum','Dallas',0,4.5),(1334,'Liberty Aviation Museum','museum','Port Clinton',0,4.5),(1335,'San Diego Natural History Museum','museum','Balboa Park',0,4),(1336,'Berkshire Museum','museum','Pittsfield',0,4),(1337,'Kalamazoo Valley Museum','museum','MI',0,4.5),(1338,'Rubin Museum of Art','museum','New York City',0,4.5),(1339,'Southern Museum of Flight','museum','Birmingham',0,4.5),(1340,'Columbia Museum of Art','museum','Columbia',0,4.5),(1341,'Bruce Museum','museum','Greenwich',0,4.5),(1342,'Original McDonald\'s Site and Museum','museum','San Bernardino',0,4),(1343,'Thomas A. Jaggar Museum','museum','Hawaii Volcanoes National Park',0,4.5),(1344,'Sea Glass Museum','museum','Fort Bragg',0,4),(1345,'Woolaroc Museum & Wildlife Preserve','museum','Bartlesville',0,5),(1346,'Amon Carter Museum of American Art','museum','Fort Worth',0,5),(1347,'University of Michigan Museum of Art','museum','Ann Arbor',0,4.5),(1348,'Hillwood Museum & Gardens','museum','Washington DC',1,5),(1349,'Museum of the West','museum','Grand Junction',0,4),(1350,'Yale University Art Gallery','museum','New Haven',0,5),(1351,'Door County Maritime Museum','museum','Sturgeon Bay',0,4.5),(1352,'Mercer Museum','museum','Doylestown',0,4.5),(1353,'Georgia State Railroad Museum','museum','Savannah',0,4),(1354,'Railroad Museum of Pennsylvania','museum','PA Route 741',0,4.5),(1355,'Tellus Science Museum','museum','Cartersville',0,4.5),(1356,'Erotic Heritage Museum, Las Vegas','museum','Las Vegas',0,4),(1357,'El Paso Museum of Art','museum','El Paso',0,4.5),(1358,'Hirshhorn Museum and Sculpture Garden','museum','Smithsonian Institutions',0,4),(1359,'Road To Tara Museum','museum','Jonesboro',0,4),(1360,'Alaska State Museum','museum','Juneau',0,4.5),(1361,'Sedona Heritage Museum','museum','Jordan Historical Park',0,4.5),(1362,'Laura Ingalls Wilder Museum','museum','Walnut Grove',0,4.5),(1363,'The Saratoga Automobile Museum','museum','Saratoga Springs',0,4.5),(1364,'Chihuly Collection','museum','St. Petersburg',0,4.5),(1365,'World Erotic Art Museum (WEAM)','museum','Miami Beach',0,4),(1366,'Orlando Museum of Art','museum','Orlando',0,4),(1367,'The California Route 66 Museum','museum','Victorville',0,4.5),(1368,'Madame Tussauds DC','museum','Washington DC',0,4),(1369,'Atlanta History Center','museum','10 St Nw',0,4.5),(1370,'Peterson Air & Space Museum','museum','Colorado Springs',0,4.5),(1371,'Tallahassee Antique Car Museum','museum','Tallahassee',0,4.5),(1372,'The National Archives Museum','museum','Washington DC',0,4.5),(1373,'Deming Luna Mimbres Museum','museum','Deming',0,5),(1374,'Loretta Lynn\'s Ranch','museum','Hurricane Mills',0,4.5),(1375,'Christ in the Smokies Museum & Gardens','museum','Gatlinburg',0,4.5),(1376,'Harvard Art Museums','museum','Cambridge',0,4.5),(1377,'Science Museum of Western Virginia & Hopkins Planetarium','museum','4th Floor',0,4),(1378,'Chazen Museum of Art','museum','Madison',0,4.5),(1379,'Arizona Science Center','museum','Phoenix',0,4.5),(1380,'Arizona Copper Art Museum','museum','Clarkdale',0,5),(1381,'Hammer Museum','museum','Los Angeles',0,4),(1382,'Independence Seaport Museum','museum','Philadelphia',0,4.5),(1383,'Nevada Northern Railway Museum','museum','Ely',0,4.5),(1384,'Ava Gardner Museum','museum','Smithfield',0,4.5),(1385,'Mississippi Museum of Art','museum','Jackson',0,4.5),(1386,'Maine Maritime Museum','museum','Bath',0,4.5),(1387,'Madame Tussauds Orlando','museum','Suite 100',0,4.5),(1388,'Gibbes Museum of Art','museum','Charleston',0,4),(1389,'Donner Memorial State Park and Emigrant Trail Museum','museum','Truckee',0,4.5),(1390,'Figge Art Museum','museum','Davenport',0,4.5),(1391,'Nassau County Museum of Art','museum','Roslyn',0,4.5),(1392,'Civil War Museum','museum','Kenosha',0,4.5),(1393,'Baltimore and Ohio Railroad Museum','museum','Baltimore',0,4.5),(1394,'Kauai Museum','museum','Lihue',0,4),(1395,'Harry S. Truman Library and Museum','museum','Delaware Street',0,5),(1396,'USS Silversides Submarine Museum','museum','Muskegon',0,4.5),(1397,'SCAD Museum of Art','museum','Savannah',0,4.5),(1398,'Historic Railpark and Train Museum','museum','Bowling Green',0,4.5),(1399,'South Florida Science Center and Aquarium','museum','West Palm Beach',0,3.5),(1400,'Museum of American Speed','museum','Lincoln',0,5),(1401,'Illinois Holocaust Museum & Education Center','museum','Skokie',0,4.5),(1402,'Las Vegas Natural History Museum','museum','Las Vegas',0,4),(1403,'Lake Placid Olympic Museum','museum','Olympic Center',0,4),(1404,'Brandywine River Museum of Art','museum','Chadds Ford',0,4.5),(1405,'Fort Worth Museum of Science & History','museum','Fort Worth',0,4),(1406,'Kansas Museum of History','museum','Topeka',0,4.5),(1407,'The Museum of Russian Art','museum','Minneapolis',0,4.5),(1408,'Mississippi River Museum at Mud Island','museum','Memphis',0,4),(1409,'San Diego Museum of Man','museum','Balboa Park',0,3.5),(1410,'World of Chocolate Museum and Cafe','museum','Orlando',0,4.5),(1411,'The Mark Twain House & Museum','museum','Hartford',0,4.5),(1412,'Tulsa Air and Space Museum','museum','Tulsa',0,4),(1413,'Museum of Military History','museum','Kissimmee',0,4.5),(1414,'Salt and Pepper Shaker Museum','museum','461 Brookside Village Way',0,4.5),(1415,'Bass Museum of Art','museum','Miami Beach',0,4),(1416,'Japanese American National Museum','museum','Little Tokyo',1,4.5),(1417,'Mint Museum Randolph','museum','Charlotte',0,4.5),(1418,'International Wildlife Museum','museum','Tucson',0,4.5),(1419,'Mothman Museum','museum','Point Pleasant',0,4.5),(1420,'U.S. Veterans Memorial Museum','museum','Huntsville',0,5),(1421,'Old Sacramento','museum','Sacramento',0,4),(1422,'Mount Dora Museum Of Speed','museum','Mount Dora',0,4.5),(1423,'Columbus Museum of Art','museum','Columbus',0,4),(1424,'Bechtler Museum of Modern Art','museum','Charlotte',0,4),(1425,'Auburn Cord Duesenberg Automobile Museum','museum','Auburn',0,5),(1426,'Columbus Museum','museum','Columbus',0,4.5),(1427,'Oz Museum','museum','Wamego',0,4.5),(1428,'Pearl Harbor / WW II Valor in the Pacific National Monument','museum','Honolulu',0,4.5),(1429,'Gangster Museum of America','museum','Hot Springs',0,3.5),(1430,'Jackson Hole Museum','museum','At the corner of Deloney',0,4),(1431,'Buffalo Museum of Science','museum','Buffalo',0,4),(1432,'Ripley\'s Believe It or Not! Odditorium','museum','Gatlinburg',0,3.5),(1434,'Tank Museum','museum','Danville',0,4.5),(1435,'The Children\'s Museum of Green Bay','museum','Green Bay',0,4.5),(1436,'Texas Prison Museum','museum','Huntsville',0,4.5),(1437,'Buford Pusser Home and Museum','museum','Adamsville',0,4.5),(1438,'Merry-Go-Round Museum','museum','Sandusky',0,4.5),(1439,'Mark Twain Boyhood Home and Museum','museum','Hjk',0,4.5),(1440,'Destin History & Fishing Museum','museum','Destin',0,4.5),(1441,'History of Diving Museum','museum','Islamorada',0,4.5),(1442,'San Jose Museum of Art','museum','San Jose',0,4),(1443,'Apalachicola Maritime Museum','museum','Apalachicola',0,4),(1444,'Tacoma Art Museum','museum','Tacoma',0,4.5),(1445,'Hill Aerospace Museum','museum','Hill Air Force Base',0,4.5),(1446,'Historic Pensacola Village','museum','Pensacola',0,4.5),(1447,'National Civil War Naval Museum','museum','Columbus',0,4.5),(1448,'Elvis Presley Birthplace & Museum','museum','Tupelo',0,4.5),(1449,'Pacific Tsunami Museum','museum','Hilo',0,4),(1450,'Ellis Island','museum','New York City',0,4.5),(1451,'Nasher Sculpture Center','museum','Dallas',1,4.5),(1452,'Art Car Museum','museum','Houston',0,4),(1453,'Fred Jones Jr. Museum of Art','museum','Norman',0,4.5),(1454,'Vesterheim','museum','Decorah',0,4.5),(1455,'Discovery Center Museum','museum','Rockford',0,4.5),(1456,'U.S.S. Cairo Museum','museum','3201 Clay Street',0,5),(1457,'Michigan Military and Space Heroes Museum','museum','Frankenmuth',0,4.5),(1458,'Calvert Marine Museum and Drum Point Lighthouse','museum','Solomons',0,4.5),(1459,'World\'s Largest Toy Museum','museum','Branson',0,4),(1460,'Lyon Air Museum','museum','19300 Ike Jones Road',0,4.5),(1461,'Pensacola Naval Air Station','museum','Pensacola',0,5),(1462,'The Museum at Bethel Woods','museum','Bethel',0,4.5),(1463,'Indian Pueblo Cultural Center','museum','Albuquerque',0,4.5),(1464,'Modern Art Museum of Fort Worth','museum','Fort Worth',0,4.5),(1465,'Sarasota Classic Car Museum','museum','Sarasota',0,4),(1466,'History Colorado Center','museum','Denver',0,4),(1467,'Museum of the Earth','museum','Ithaca',0,4.5),(1468,'Wheelwright Museum of the American Indian','museum','Santa Fe',0,4.5),(1469,'Gettysburg Heritage Center','museum','Gettysburg',0,4.5),(1470,'Santa Barbara Museum of Natural History','museum','Santa Barbara',0,4.5),(1471,'Washington State History Museum','museum','Tacoma',0,4.5),(1472,'Lyman Museum','museum','Hilo',0,4.5),(1473,'The Bryan Museum','museum','Galveston',0,4.5),(1474,'Reading Public Museum','museum','Reading',0,4.5),(1475,'Charles H. Wright Museum of African American History','museum','Detroit',0,4.5),(1476,'American Airpower Museum','museum','Farmingdale',0,4.5),(1477,'Ackland Art Museum','museum','UNC-Chapel Hill',0,4),(1478,'McClung Museum of Natural History and Culture','museum','Knoxville',0,4.5),(1479,'Pilgrim Hall Museum','museum','Plymouth',0,4.5),(1480,'Patee House Museum','museum','Saint Joseph',0,4.5),(1481,'San Diego Model Railroad Museum','museum','San Diego',0,4.5),(1482,'Museum of the Everglades','museum','Everglades City',0,4.5),(1483,'Baker Heritage Museum','museum','Baker City',0,4.5),(1484,'Intel Corp and Museum','museum','Santa Clara',0,4.5),(1485,'Tallahassee Museum','museum','Tallahassee',0,4.5),(1486,'Charles H. MacNider Art Museum','museum','Mason City',0,4.5),(1487,'Morikami Museum & Japanese Gardens','museum','Delray Beach',0,4.5),(1488,'Greenville County Museum of Art','museum','Greenville',0,4),(1489,'Pratt Museum','museum','Homer',0,4.5),(1490,'Pony Express Museum','museum','Saint Joseph',0,4.5),(1491,'Shangri La','museum','900 South Beretania Street',0,4.5),(1492,'Hudson River Museum','museum','Yonkers',0,4),(1493,'Dr. Seuss National Memorial Sculpture Garden','museum','Springfield',0,4.5),(1494,'Puget Sound Navy Museum','museum','Bremerton',0,4.5),(1495,'Andrew Jackson\'s Hermitage','museum','Nashville',0,4.5),(1496,'St. Augustine Lighthouse & Maritime Museum','museum','Saint Augustine',0,4.5),(1497,'Elliott Museum','museum','Stuart',0,4),(1498,'New Britain Museum of American Art','museum','56 Lexington St.',0,5),(1499,'National Czech & Slovak Museum & Library','museum','Cedar Rapids',0,4.5),(1500,'Ships of the Sea Maritime Museum','museum','Savannah',1,4.5),(1501,'Grohmann Museum','museum','Milwaukee',0,4.5),(1502,'Penrose Heritage Museum','museum','Colorado Springs',0,5),(1503,'West Point Museum','museum','West Point',0,4.5),(1504,'Seattle Children\'s Museum','museum','Armory/Center House',0,4),(1505,'Autry Museum of the American West','museum','Griffith Park',1,4.5),(1506,'Silent Wings Museum','museum','Lubbock',0,5),(1507,'Crawford Auto-Aviation Museum','museum','Western Reserve Historical Society',0,4.5),(1508,'State Museum of Pennsylvania','museum','Harrisburg',0,4.5),(1509,'Mid-Hudson Children\'s Museum','museum','Poughkeepsie',0,4),(1510,'University of Michigan Museum of Natural History','museum','Ann Arbor',0,4.5),(1511,'National Museum of American Illustration','museum','492 Bellevue Avenue',0,4.5),(1512,'George Jones Entertainment Complex','museum','Nashville',0,4.5),(1513,'National Railroad Museum','museum','Green Bay',0,4.5),(1514,'The Petroleum Museum','museum','Midland',0,4.5),(1515,'Museum of Natural and Cultural History','museum','Eugene',0,4.5),(1516,'Ogunquit Museum of American Art','museum','Ogunquit',0,4.5),(1517,'Pueblo Grande Museum','museum','Phoenix',0,4),(1518,'Wing Luke Museum of the Asian Pacific American Experience','museum','Seattle',0,4.5),(1519,'Evansville Museum of Arts, History & Science','museum','Evansville',0,4.5),(1520,'Danbury Railway Museum','museum','120 White Street',0,4.5),(1521,'Meadows Museum','museum','Dallas',1,4.5),(1522,'Memorial Hall Confederate Civil War Museum','museum','At St. Joseph\'s',0,4),(1523,'Monterey Museum of Art - Pacific Street','museum','Monterey',0,4.5),(1524,'Upcountry History Museum','museum','Greenville',0,4.5),(1525,'U.S. Army Transportation Museum','museum','Fort Eustis',0,4.5),(1526,'Southern Museum of Civil War and Locomotive History','museum','Kennesaw',0,4.5),(1527,'Witch Dungeon Museum','museum','Salem',0,3.5),(1528,'EAA AirVenture Museum','museum','Oshkosh',0,5),(1529,'The Baker Museum','museum','Naples',0,4.5),(1530,'Museum of the Big Bend','museum','Alpine',0,4.5),(1531,'Virginia Museum of Transportation','museum','Roanoke',0,4.5),(1532,'Pierce-Arrow Museum','museum','Buffalo',0,4.5),(1533,'Lynchburg Museum','museum','Lynchburg',0,4.5),(1534,'International Museum of Surgical Science','museum','Chicago',0,4),(1535,'Santa Cruz Surfing Museum','museum','Santa Cruz',0,4.5),(1536,'Skagway Museum and Archives','museum','Skagway',0,4.5),(1537,'U.S. Air Force Space & Missile Museum','museum','Cape Canaveral',0,4.5),(1538,'Billings Farm and Museum','museum','Woodstock',0,4.5),(1539,'Noguchi Museum','museum','Long Island City',0,4.5),(1540,'Wilmington Railroad Museum','museum','Wilmington',0,4),(1541,'Reynolda House Museum of American Art','museum','Winston Salem',0,4.5),(1542,'Samuel P. Harn Museum of Art','museum','Gainesville',0,4.5),(1543,'The Whale Museum','museum','Friday Harbor',0,4.5),(1544,'Appleton Museum of Art','museum','Ocala',0,4.5),(1545,'National Cryptologic Museum','museum','Baltimore',0,4.5),(1546,'Sky City Cultural Center & Haak\'u Museum','museum','Pueblo of Acoma',0,4.5),(1547,'Lizzadro Museum of Lapidary Art','museum','Elmhurst',0,4.5),(1548,'Clark County Heritage Museum','museum','Henderson',1,4.5),(1549,'Maine Lighthouse Museum','museum','Rockland',0,4.5),(1550,'Wichita Art Museum','museum','Wichita',0,4.5),(1551,'Glenn H. Curtiss Museum','museum','Hammondsport',0,5),(1552,'College of the Ozarks','museum','Point Lookout',0,5),(1553,'Children\'s Museum of Virginia','museum','Portsmouth',0,4.5),(1554,'Children\'s Museum Tucson','museum','Tucson',0,4.5),(1555,'Anderson-Abruzzo International Balloon Museum','museum','Albuquerque',0,4.5),(1556,'East Texas Oil Museum','museum','Kilgore College Campus',0,4.5),(1557,'Union Station','museum','Ogden',0,4.5),(1558,'C.M. Russell Museum','museum','Great Falls',0,5),(1559,'Hubbard Museum of the American West','museum','Ruidoso Downs',0,4),(1560,'Door County Historical Museum','museum','Sturgeon Bay',0,4.5),(1561,'Geneva Lake Museum of History','museum','Lake Geneva',0,4.5),(1562,'Greensboro Children\'s Museum','museum','Greensboro',0,4.5),(1563,'Altoona Railroaders Memorial Museum','museum','Altoona',0,4.5),(1564,'Omaha Children\'s Museum','museum','Omaha',0,4.5),(1565,'San Diego Museum of Art','museum','San Diego',0,4),(1566,'Fort Bliss and Old Ironsides Museums','museum','El Paso',0,4.5),(1567,'Union Pacific Railroad Museum','museum','Council Bluffs',0,4.5),(1568,'Mystic Seaport','museum','Mystic',0,4.5),(1569,'Museum at Prairiefire','museum','5801 W. 135th Street',0,4),(1570,'Children\'s Museum of Memphis','museum','Memphis',0,4.5),(1571,'Virginia Aviation Museum','museum','Richmond International Airport',0,4.5),(1572,'Museum of Transportation','museum','Saint Louis',0,4),(1573,'Riverfront Museum','museum','Peoria',0,4),(1574,'Currahee Military Museum','museum','Toccoa',0,4.5),(1575,'Mid-America Science Museum','museum','Hot Springs',0,4.5),(1576,'National Museum of Civil War Medicine','museum','Frederick',0,4.5),(1577,'Sam Noble Oklahoma Museum of Natural History','museum','University of Oklahoma South Campus',0,4.5),(1578,'Nauticus National Maritime Center','museum','Norfolk',0,4.5),(1579,'Cantor Arts Center','museum','Stanford University',0,4.5),(1580,'Jell-O Gallery Museum','museum','Le Roy',0,4.5),(1581,'Golisano Children\'s Museum of Naples','museum','Naples',0,4.5),(1582,'911 Ground Zero Tour','museum','New York City',0,5),(1583,'American Jazz Museum','museum','Kansas City',0,4),(1584,'Kenosha Public Museum','museum','Kenosha',0,4.5),(1585,'Mingei International Museum','museum','Balboa Park',0,4.5),(1586,'Chennault Aviation and Military Museum','museum','Monroe',0,4.5),(1587,'Patton Museum of Cavalry and Armor','museum','KY',0,3.5),(1588,'Martin Auto Museum','museum','Phoenix',0,4.5),(1589,'Admiral Nimitz State Historic Site','museum','TX',0,4.5),(1590,'The Museum @ Black Hills Institute','museum','Hill City',0,4.5),(1591,'Fenimore Art Museum','museum','Cooperstown',0,4.5),(1592,'Strategic Air Command & Aerospace Museum','museum','Ashland',0,4.5),(1593,'The Speed Art Museum','museum','Louisville',0,4.5),(1594,'Wisconsin Veterans Museum','museum','Madison',0,4.5),(1595,'Utah State Railroad Museum','museum','Ogden',0,4.5),(1596,'Culinary Arts Museum','museum','315 Harborside Blvd.',0,4.5),(1597,'Buffalo Bill Museum','museum','Le Claire',0,4),(1598,'The Money Museum at the Federal Reserve Bank - Denver Branch','museum','General Delivery Nipomo. Ca',0,4),(1599,'Bicycle Heaven','museum','Pittsburgh',0,5),(1600,'Abbe Museum','museum','Bar Harbor',0,4),(1601,'Indian Temple Mound and Museum','museum','Fort Walton Beach',0,4.5),(1602,'ESSE Purse Museum','museum','Little Rock',0,4.5),(1603,'Biedenharn Coca-Cola Museum','museum','Vicksburg',0,3.5),(1604,'Bellevue Arts Museum (BAM)','museum','Bellevue',0,4),(1605,'Los Angeles Museum of the Holocaust','museum','Los Angeles',0,4.5),(1606,'National Baseball Hall of Fame and Museum','museum','Cooperstown',0,4.5),(1607,'T.T. Wentworth Jr. Florida State Museum','museum','Pensacola',0,4),(1608,'Warther Museum','museum','Dover',0,5),(1609,'Fort Monroe\'s Casemate Museum','museum','Ingalls Road',0,4.5),(1610,'Gettysburg Seminary Ridge Museum','museum','Gettysburg',0,4.5),(1611,'Minnesota Marine Art Museum','museum','Winona',0,5),(1612,'Tongass Historical Museum','museum','Ketchikan',0,4),(1613,'Metal Museum','museum','Memphis',0,4),(1614,'Veterans Memorial Museum','museum','Branson',0,4.5),(1615,'The Presbytere','museum','Jackson Square',0,4.5),(1616,'Maturango Museum','museum','Ridgecrest',0,4.5),(1617,'Collier County Museum','museum','Naples',0,4.5),(1618,'Naples Depot Museum','museum','Naples',0,4.5),(1619,'Stuhr Museum of the Prairie Pioneer','museum','Grand Island',0,4.5),(1620,'Richard Nixon Presidential Library and Museum','museum','Yorba Linda',0,4.5),(1621,'Nevada State Railroad Museum','museum','Carson City',0,4.5),(1622,'Fairbanks Museum and Planetarium','museum','Saint Johnsbury',0,4.5),(1623,'Terry Lee Wells Nevada Discovery Museum','museum','Reno',0,4.5),(1624,'National Museum of Women in the Arts','museum','Washington DC',0,4.5),(1625,'Museum of Clean','museum','Pocatello',0,4.5),(1626,'LBJ Presidential Library','museum','Austin',0,4.5),(1627,'Mud Island River Park','museum','Memphis',0,4),(1628,'Molly Brown House Museum','museum','Denver',0,4.5),(1629,'The Money Museum','museum','Kansas City',0,4),(1630,'National Museum of African Art','museum','Washington DC',0,4),(1631,'Commemorative Air Force Museum','museum','Mesa',0,4.5),(1632,'Tate Geological Museum','museum','Casper',0,4.5),(1633,'National Museum of Mexican Art','museum','Chicago',0,4.5),(1634,'Villa Zorayda Museum','museum','Saint Augustine',0,4.5),(1635,'Ghost Town Museum','museum','Pikes Peak',0,3.5),(1636,'New Orleans City Park','museum','1 Palm Drive',0,4.5),(1637,'Museum Mile','museum','New York City',0,4.5),(1638,'Blackhawk Museum','museum','Danville',0,4.5),(1639,'National Mining Hall of Fame & Museum','museum','Leadville',0,4.5),(1640,'Fairhope Museum','museum','Fairhope',0,4.5),(1641,'Armed Forces History Museum','museum','Largo',0,4.5),(1642,'Historic Arkansas Museum','museum','Little Rock',0,4.5),(1643,'1940 Air Terminal Museum','museum','Houston',0,4.5),(1644,'Oklahoma Railway Museum','museum','Oklahoma City',0,4),(1645,'Armed Forces Museum','museum','Hattiesburg',0,5),(1646,'Ohr-O\'Keefe Museum of Art','museum','Biloxi',0,4),(1647,'Cheyenne Frontier Days Old West Museum','museum','Frontier Park',0,4.5),(1648,'Explore More Discovery Museum','museum','Harrisonburg',0,4.5),(1649,'Mobile Museum of Art','museum','Mobile',0,4.5),(1650,'Peabody Museum of Archaeology and Ethnology','museum','11 Divinity Ave.',0,4.5),(1651,'The Health Museum','museum','Houston',1,3.5),(1652,'Harland Sanders Cafe and Museum','museum','Corbin',0,4),(1653,'Niagara Wax Museum of History','museum','Niagara Falls',0,3.5),(1654,'Stafford Air & Space Museum','museum','Weatherford',0,5),(1655,'America on Wheels Museum','museum','Allentown',0,4.5),(1656,'Texas Maritime Museum','museum','Rockport',0,4.5),(1657,'aSHEville Museum','museum','Asheville',0,4.5),(1658,'Estes Park Museum','museum','Estes Park',0,4.5),(1659,'Muscle Car City Museum','museum','Punta Gorda',0,4.5),(1660,'Fort Pitt Museum','museum','Building B',0,4),(1661,'San Diego Automotive Museum','museum','San Diego',0,4),(1662,'Wrangell Museum','museum','Campbell Drive',0,4.5),(1663,'Jim Gatchell Memorial Museum','museum','Buffalo',0,4.5),(1664,'Museum of the Plains Indian','museum','WY',0,5),(1665,'The Holocaust Museum & Education Center of Southwest Florida','museum','Sandalwood Square',0,4.5),(1666,'Connecticut River Museum','museum','Essex',0,4.5),(1667,'San Francisco Railway Museum','museum','San Francisco',0,4),(1668,'Fire Museum of Memphis','museum','Memphis',0,4.5),(1669,'David J. Sencer CDC Museum','museum','Atlanta',0,4),(1670,'Hawaii Volcanoes National Park','museum','Hawaii Volcanoes National Park',0,4.5),(1671,'Sharpsteen Museum','museum','Calistoga',0,4.5),(1672,'Jefferson Historical Museum','museum','Jefferson',0,4.5),(1673,'New England Air Museum','museum','Windsor Locks',0,4.5),(1674,'Laura Ingalls Wilder Historic Home and Museum','museum','Mansfield',0,4.5),(1675,'Galena / Jo Daviess County Historical Society and Museum','museum','Galena',0,4.5),(1676,'Mariposa Museum and History Center','museum','At 12th',0,4.5),(1677,'St. Petersburg Museum of History','museum','St. Petersburg',0,3.5),(1678,'Cedar Key Historical Society Museum','museum','609 2nd Street',0,4.5),(1679,'National Museum of the United States Navy','museum','805 Kidder Breese SE',0,4.5),(1680,'The Putnam Museum & Science Center','museum','Davenport',0,4.5),(1681,'John Wesley Powell River History Museum','museum','Green River',0,4.5),(1682,'Morris Museum','museum','Morristown',0,4.5),(1683,'Racine Art Museum','museum','Racine',0,4.5),(1684,'Wisconsin Auto Museum','museum','Hartford',0,4.5),(1685,'21c Museum Hotel','museum','Louisville',0,4.5),(1686,'Michigan Historical Museum','museum','It\'s in Lansing',0,4.5),(1687,'National Cowgirl Museum and Hall of Fame','museum','Fort Worth',0,4.5),(1688,'Dayton Art Institute','museum','Dayton',0,4.5),(1689,'Chicago Children\'s Museum','museum','Chicago',1,4.5),(1690,'Elverhoj Museum','museum','Solvang',0,4.5),(1691,'The Museum of Contemporary Art','museum','Downtown',0,4),(1692,'George Bush Presidential Library and Museum','museum','College Station',0,4.5),(1693,'Contemporary Jewish Museum','museum','San Francisco',0,4),(1694,'Temecula Museum','museum','Temecula',0,4.5),(1695,'Knoxville Museum of Art','museum','Knoxville',0,4),(1696,'Barksdale Global Power Museum','museum','Barksdale AFB',0,4),(1697,'Museum of the Confederacy-Appomattox','museum','Appomattox',0,4.5),(1698,'NRA National Firearms Museum','museum','Fairfax',0,4.5),(1699,'Asheville Art Museum','museum','Asheville',0,3.5),(1700,'The Manassas Museum','museum','Manassas',0,4),(1701,'Valiant Air Command Warbird Museum','museum','Titusville',0,4.5),(1702,'The Bakken Museum','museum','Minneapolis',0,4.5),(1703,'The Aviation Museum of Kentucky','museum','Lexington',0,4.5),(1704,'Fort Sumter National Monument','museum','SC 29482-9748',0,4.5),(1705,'Seattle Center','museum','Seattle',0,4.5),(1706,'Palm Springs Art Museum in Palm Desert','museum','Palm Desert',0,4.5),(1707,'Tybee Island Lighthouse Museum','museum','Tybee Island',0,4.5),(1708,'Biodiversity Institute & Natural History Museum','museum','University of Kansas',0,4.5),(1709,'New Mexico Farm and Ranch Heritage Museum','museum','Las Cruces',0,4.5),(1710,'Confederate Museum','museum','Charleston',0,4),(1711,'Mohave Museum of History and Arts','museum','Kingman',0,4.5),(1712,'Geronimo Springs Museum','museum','Truth or Consequences',0,4.5),(1713,'Franklin Museum','museum','Tucson',0,5),(1714,'Johnson Museum of Art','museum','Cornell University',0,4.5),(1715,'Buffalo Soldiers National Museum','museum','Houston',0,4.5),(1716,'Penske Racing Museum','museum','web site states address is Phoenix',0,4.5),(1717,'New Museum','museum','New York City',0,3.5),(1718,'Juneau-Douglas City Museum','museum','Juneau',0,4),(1719,'Virginia War Museum','museum','Newport News',0,4.5),(1720,'University of Nebraska State Museum','museum','University of Nebraska- Lincoln',0,4.5),(1721,'John Wesley Powell Museum','museum','Page',0,4),(1722,'Musicians Hall of Fame and Museum','museum','Nashville Municipal Auditorium',0,4.5),(1723,'James A. Michener Art Museum','museum','Doylestown',0,4.5),(1724,'The Haggin Museum','museum','Stockton',0,4.5),(1725,'Wisconsin Historical Museum','museum','Madison',0,4),(1726,'Long Beach Museum of Art','museum','Long Beach',0,4),(1727,'Birmingham Civil Rights Institute','museum','Birmingham',0,4.5),(1728,'Ocean City Life-Saving Station Museum','museum','Ocean City',0,4.5),(1729,'Marietta Museum of History','museum','Marietta',0,4.5),(1730,'Savannah Children\'s Museum','museum','Savannah',0,4),(1731,'Belz Museum of Asian & Judaic Art','museum','Memphis',0,5),(1732,'Ouray County Museum','museum','Ouray',0,4.5),(1733,'Thinkery','museum','Austin',0,4.5),(1734,'Gallatin History Museum','museum','Bozeman',0,4.5),(1735,'Museum of Natural History','museum','Morro Bay State Park',0,4.5),(1736,'Cameron Art Museum','museum','Wilmington',0,4),(1737,'First Division Museum at Cantigny','museum','Wheaton',0,5),(1739,'Sternberg Museum of Natural History','museum','Hays',0,4.5),(1740,'Williams College Museum of Art','museum','Williamstown',0,4.5),(1741,'Zwaanendael Museum','museum','Lewes',0,4),(1742,'Frankenmuth Historical Museum','museum','Frankenmuth',0,4),(1743,'New Smyrna Museum of History','museum','New Smyrna Beach',0,5),(1744,'Cornell Fine Arts Museum','museum','Rollins College',0,4.5),(1745,'Northeastern Nevada Museum','museum','Elko',0,4.5),(1746,'Southwest Florida Military Museum & Library','museum','Cape Coral',0,4.5),(1747,'Laws Railroad Museum','museum','Bishop',0,4.5),(1748,'Leepa-Rattner Museum of Art','museum','Tarpon Springs',0,4.5),(1749,'Portland Children\'s Museum','museum','Portland',0,4.5),(1750,'State Historical Museum','museum','Des Moines',0,4.5),(1751,'Jekyll Island Museum','museum','I-95',0,4),(1752,'U.S. Space and Rocket Center','museum','Huntsville',0,4.5),(1753,'Mennello Museum of American Art','museum','Orlando',0,4),(1754,'White Sands Missile Range','museum','NM',0,4.5),(1755,'Silver City Museum','museum','Silver City',0,4.5),(1756,'Hampton Roads Naval Museum','museum','Ste 248',0,4.5),(1757,'Colby College Museum of Art','museum','Waterville',0,5),(1758,'Backstreet Cultural Museum','museum','New Orleans',0,4.5),(1759,'RV/MH Hall of Fame and Museum','museum','Elkhart',0,4.5),(1760,'Spanish Military Hospital Museum','museum','Saint Augustine',0,4.5),(1761,'Kokee Natural History Museum','museum','Hwy 550',0,4),(1762,'Draper Natural History Museum','museum','Buffalo Bill Center of the West',0,5),(1763,'Frist Center for Visual Arts','museum','Nashville',1,4.5),(1764,'Telluride Historical Museum','museum','Telluride',0,4.5),(1765,'Los Alamos Historical Museum','museum','Los Alamos',0,4.5),(1766,'Hank Williams Museum','museum','Montgomery',0,4),(1767,'McLarty Treasure Museum','museum','Sebastian Inlet State Park',0,4.5),(1768,'Sacramento History Museum','museum','Sacramento',0,4),(1769,'B.B. King Museum and Delta Interpretive Center','museum','Indianola',0,5),(1770,'Geppi\'s Entertainment Museum','museum','Baltimore',0,4.5),(1771,'Smoki Museum','museum','Prescott',0,4.5),(1772,'Burpee Museum of Natural History','museum','Rockford',0,4.5),(1773,'Allentown Art Museum','museum','Allentown',0,4.5),(1774,'McKenna Children\'s Museum','museum','New Braunfels',0,4.5),(1775,'Campus Martius Museum','museum','Marietta',0,4.5),(1776,'Lost City Museum','museum','Overton',0,4.5),(1777,'Idaho Potato Museum','museum','Blackfoot',0,4),(1778,'Museum of The Weird','museum','Austin',0,3.5),(1779,'National Liberty Museum','museum','Philadelphia',0,4.5),(1780,'Lowe Art Museum','museum','University of Miami',0,4),(1781,'Tucson Museum of Art and Historic Block','museum','Tucson',0,4),(1782,'Civil War Medical Museum','museum','The Exchange Hotel',0,4.5),(1783,'The Leonardo Museum','museum','Salt Lake City',0,4),(1784,'Bisbee Mining & Historical Museum','museum','Bisbee',0,4.5),(1785,'Arizona State Museum','museum','University of Arizona campus',0,4.5),(1786,'National Museum of Mathematics','museum','New York City',0,3.5),(1787,'San Juan County Historical Society','museum','Silverton',0,5),(1788,'Museum of the Mountain Man','museum','Pinedale',0,4.5),(1789,'Phoenix Police Museum','museum','Phoenix',0,4.5),(1790,'Armstrong Air & Space Museum','museum','Wapakoneta',0,4.5),(1791,'New Mexico Museum of Space History','museum','Alamogordo',0,4),(1792,'Anniston Museum of Natural History','museum','Anniston',0,4.5),(1793,'Billy the Kid Museum','museum','Fort Sumner',0,4),(1794,'Nantucket Shipwreck & Lifesaving Museum','museum','Nantucket',0,4.5),(1795,'Museum of Jurassic Technology','museum','Culver City',0,4),(1796,'Nasher Museum of Art at Duke University','museum','Durham',0,4);
/*!40000 ALTER TABLE `Attractions` ENABLE KEYS */;
UNLOCK TABLES;

--
-- Table structure for table `Interests`
--

DROP TABLE IF EXISTS `Interests`;
/*!40101 SET @saved_cs_client     = @@character_set_client */;
/*!50503 SET character_set_client = utf8mb4 */;
CREATE TABLE `Interests` (
  `interest_id` int NOT NULL,
  `name` varchar(100) NOT NULL,
  PRIMARY KEY (`interest_id`),
  UNIQUE KEY `name` (`name`)
) ENGINE=InnoDB DEFAULT CHARSET=utf8mb4 COLLATE=utf8mb4_0900_ai_ci;
/*!40101 SET character_set_client = @saved_cs_client */;

--
-- Dumping data for table `Interests`
--

LOCK TABLES `Interests` WRITE;
/*!40000 ALTER TABLE `Interests` DISABLE KEYS */;
INSERT INTO `Interests` VALUES (6,'architecture'),(1,'art'),(9,'culture'),(2,'history'),(4,'kids'),(7,'music'),(5,'nature'),(3,'science'),(8,'transportation');
/*!40000 ALTER TABLE `Interests` ENABLE KEYS */;
UNLOCK TABLES;

--
-- Table structure for table `Recommendation_Result`
--

DROP TABLE IF EXISTS `Recommendation_Result`;
/*!40101 SET @saved_cs_client     = @@character_set_client */;
/*!50503 SET character_set_client = utf8mb4 */;
CREATE TABLE `Recommendation_Result` (
  `recommendation_id` int NOT NULL,
  `username` varchar(50) DEFAULT NULL,
  PRIMARY KEY (`recommendation_id`),
  KEY `username` (`username`),
  CONSTRAINT `recommendation_result_ibfk_1` FOREIGN KEY (`recommendation_id`) REFERENCES `Recommendations` (`recommendation_id`) ON DELETE CASCADE,
  CONSTRAINT `recommendation_result_ibfk_2` FOREIGN KEY (`username`) REFERENCES `User` (`username`) ON DELETE CASCADE
) ENGINE=InnoDB DEFAULT CHARSET=utf8mb4 COLLATE=utf8mb4_0900_ai_ci;
/*!40101 SET character_set_client = @saved_cs_client */;

--
-- Dumping data for table `Recommendation_Result`
--

LOCK TABLES `Recommendation_Result` WRITE;
/*!40000 ALTER TABLE `Recommendation_Result` DISABLE KEYS */;
/*!40000 ALTER TABLE `Recommendation_Result` ENABLE KEYS */;
UNLOCK TABLES;

--
-- Table structure for table `Recommendations`
--

DROP TABLE IF EXISTS `Recommendations`;
/*!40101 SET @saved_cs_client     = @@character_set_client */;
/*!50503 SET character_set_client = utf8mb4 */;
CREATE TABLE `Recommendations` (
  `recommendation_id` int NOT NULL AUTO_INCREMENT,
  `username` varchar(50) NOT NULL,
  `attraction_name` varchar(100) NOT NULL,
  `reason` varchar(255) NOT NULL,
  PRIMARY KEY (`recommendation_id`),
  KEY `username` (`username`),
  KEY `attraction_name` (`attraction_name`),
  CONSTRAINT `recommendations_ibfk_1` FOREIGN KEY (`username`) REFERENCES `User` (`username`) ON DELETE CASCADE,
  CONSTRAINT `recommendations_ibfk_2` FOREIGN KEY (`attraction_name`) REFERENCES `Attractions` (`name`) ON DELETE CASCADE
) ENGINE=InnoDB AUTO_INCREMENT=46 DEFAULT CHARSET=utf8mb4 COLLATE=utf8mb4_0900_ai_ci;
/*!40101 SET character_set_client = @saved_cs_client */;

--
-- Dumping data for table `Recommendations`
--

LOCK TABLES `Recommendations` WRITE;
/*!40000 ALTER TABLE `Recommendations` DISABLE KEYS */;
INSERT INTO `Recommendations` VALUES (1,'among','Arizona-Sonora Desert Museum','Matched 2 interest tag(s)'),(2,'among','Buffalo Bill Center of the West','Matched 2 interest tag(s)'),(3,'among','National Museum of the Marine Corps','Matched 2 interest tag(s)'),(4,'among','Fountainhead Antique Auto Museum','Matched 2 interest tag(s)'),(5,'among','EAA AirVenture Museum','Matched 2 interest tag(s)'),(6,'among','Draper Natural History Museum','Matched 2 interest tag(s)'),(7,'among','Denver Museum of Nature & Science','Matched 2 interest tag(s)'),(8,'among','Smithsonian National Museum of Natural History','Matched 2 interest tag(s)'),(9,'among','The Neon Museum','Matched 2 interest tag(s)'),(10,'among','Petersen Automotive Museum','Matched 2 interest tag(s)'),(11,'among','American Jazz Museum','Matched 2 interest tag(s)'),(12,'among','Nelson-Atkins Museum of Art','Matched 1 interest tag(s)'),(13,'among','Negro Leagues Baseball Museum','Matched 1 interest tag(s)'),(14,'among','Kemper Museum of Contemporary Art','Matched 1 interest tag(s)'),(15,'among','The Money Museum','Matched 1 interest tag(s)'),(16,'among','National World War I Museum and Memorial','Matched 0 interest tag(s)'),(17,'among','Arabia Steamboat Museum','Matched 0 interest tag(s)'),(18,'among','Nelson-Atkins Museum of Art','Matched 1 interest tag(s)'),(19,'among','Negro Leagues Baseball Museum','Matched 1 interest tag(s)'),(20,'among','Kemper Museum of Contemporary Art','Matched 1 interest tag(s)'),(21,'among','American Jazz Museum','Matched 1 interest tag(s)'),(22,'among','The Money Museum','Matched 1 interest tag(s)'),(23,'among','National World War I Museum and Memorial','Matched 0 interest tag(s)'),(24,'among','Arabia Steamboat Museum','Matched 0 interest tag(s)'),(25,'among','Biodiversity Institute & Natural History Museum','Matched 0 interest tag(s)'),(26,'among','The Metropolitan Museum of Art','Matched 1 interest tag(s)'),(27,'among','Museum Hack','Matched 1 interest tag(s)'),(28,'among','The Museum of Modern Art (MoMA)','Matched 1 interest tag(s)'),(29,'among','Whitney Museum of American Art','Matched 1 interest tag(s)'),(30,'among','Ellis Island Immigration Museum','Matched 1 interest tag(s)'),(31,'among','Museum of Arts and Design','Matched 1 interest tag(s)'),(32,'among','New York City Fire Museum','Matched 1 interest tag(s)'),(33,'among','The Morgan Library & Museum','Matched 1 interest tag(s)'),(34,'among','Neue Galerie','Matched 1 interest tag(s)'),(35,'among','The Jewish Museum','Matched 1 interest tag(s)'),(36,'among','The Metropolitan Museum of Art','Matched 1 interest tag(s)'),(37,'among','Art Institute of Chicago','Matched 1 interest tag(s)'),(38,'among','National Naval Aviation Museum','Matched 1 interest tag(s)'),(39,'among','Arizona-Sonora Desert Museum','Matched 1 interest tag(s)'),(40,'among','Akta Lakota Museum','Matched 1 interest tag(s)'),(41,'among','Ground Zero Museum Workshop','Matched 1 interest tag(s)'),(42,'among','Cleveland Museum of Art','Matched 1 interest tag(s)'),(43,'among','Nelson-Atkins Museum of Art','Matched 1 interest tag(s)'),(44,'among','National Gallery of Art','Matched 1 interest tag(s)'),(45,'among','Toledo Museum of Art','Matched 1 interest tag(s)');
/*!40000 ALTER TABLE `Recommendations` ENABLE KEYS */;
UNLOCK TABLES;

--
-- Table structure for table `Recommended_Attractions`
--

DROP TABLE IF EXISTS `Recommended_Attractions`;
/*!40101 SET @saved_cs_client     = @@character_set_client */;
/*!50503 SET character_set_client = utf8mb4 */;
CREATE TABLE `Recommended_Attractions` (
  `recommendation_id` int NOT NULL,
  `attraction_name` varchar(100) NOT NULL,
  PRIMARY KEY (`recommendation_id`,`attraction_name`),
  KEY `attraction_name` (`attraction_name`),
  CONSTRAINT `recommended_attractions_ibfk_1` FOREIGN KEY (`recommendation_id`) REFERENCES `Recommendations` (`recommendation_id`) ON DELETE CASCADE,
  CONSTRAINT `recommended_attractions_ibfk_2` FOREIGN KEY (`attraction_name`) REFERENCES `Attractions` (`name`) ON DELETE CASCADE
) ENGINE=InnoDB DEFAULT CHARSET=utf8mb4 COLLATE=utf8mb4_0900_ai_ci;
/*!40101 SET character_set_client = @saved_cs_client */;

--
-- Dumping data for table `Recommended_Attractions`
--

LOCK TABLES `Recommended_Attractions` WRITE;
/*!40000 ALTER TABLE `Recommended_Attractions` DISABLE KEYS */;
/*!40000 ALTER TABLE `Recommended_Attractions` ENABLE KEYS */;
UNLOCK TABLES;

--
-- Table structure for table `User`
--

DROP TABLE IF EXISTS `User`;
/*!40101 SET @saved_cs_client     = @@character_set_client */;
/*!50503 SET character_set_client = utf8mb4 */;
CREATE TABLE `User` (
  `username` varchar(50) NOT NULL,
  `first_name` varchar(50) NOT NULL,
  `last_name` varchar(50) NOT NULL,
  `password` varchar(255) NOT NULL,
  `email` varchar(255) DEFAULT NULL,
  `age` int DEFAULT NULL,
  `home_city` varchar(50) DEFAULT NULL,
  PRIMARY KEY (`username`)
) ENGINE=InnoDB DEFAULT CHARSET=utf8mb4 COLLATE=utf8mb4_0900_ai_ci;
/*!40101 SET character_set_client = @saved_cs_client */;

--
-- Dumping data for table `User`
--

LOCK TABLES `User` WRITE;
/*!40000 ALTER TABLE `User` DISABLE KEYS */;
INSERT INTO `User` VALUES ('among','ashley','fong','password',NULL,NULL,'New York City'),('Ashley','Ashley','Fong','password',NULL,NULL,'Kansas City'),('AshleyF','Ashley','Fong','pasword',NULL,NULL,'Kansas City');
/*!40000 ALTER TABLE `User` ENABLE KEYS */;
UNLOCK TABLES;

--
-- Table structure for table `User_Interests_Map`
--

DROP TABLE IF EXISTS `User_Interests_Map`;
/*!40101 SET @saved_cs_client     = @@character_set_client */;
/*!50503 SET character_set_client = utf8mb4 */;
CREATE TABLE `User_Interests_Map` (
  `username` varchar(50) NOT NULL,
  `interest_id` int NOT NULL,
  PRIMARY KEY (`username`,`interest_id`),
  KEY `interest_id` (`interest_id`),
  CONSTRAINT `user_interests_map_ibfk_1` FOREIGN KEY (`username`) REFERENCES `User` (`username`) ON DELETE CASCADE,
  CONSTRAINT `user_interests_map_ibfk_2` FOREIGN KEY (`interest_id`) REFERENCES `Interests` (`interest_id`) ON DELETE CASCADE
) ENGINE=InnoDB DEFAULT CHARSET=utf8mb4 COLLATE=utf8mb4_0900_ai_ci;
/*!40101 SET character_set_client = @saved_cs_client */;

--
-- Dumping data for table `User_Interests_Map`
--

LOCK TABLES `User_Interests_Map` WRITE;
/*!40000 ALTER TABLE `User_Interests_Map` DISABLE KEYS */;
INSERT INTO `User_Interests_Map` VALUES ('among',1),('ashley',2),('ashley',3),('ashley',7),('among',9);
/*!40000 ALTER TABLE `User_Interests_Map` ENABLE KEYS */;
UNLOCK TABLES;

--
-- Table structure for table `User_Visit`
--

DROP TABLE IF EXISTS `User_Visit`;
/*!40101 SET @saved_cs_client     = @@character_set_client */;
/*!50503 SET character_set_client = utf8mb4 */;
CREATE TABLE `User_Visit` (
  `visit_id` int NOT NULL,
  `username` varchar(50) NOT NULL,
  `attraction_name` varchar(100) NOT NULL,
  `visit_date` date NOT NULL,
  `rating` float DEFAULT NULL,
  PRIMARY KEY (`visit_id`),
  KEY `username` (`username`),
  CONSTRAINT `user_visit_ibfk_1` FOREIGN KEY (`username`) REFERENCES `User` (`username`) ON DELETE CASCADE
) ENGINE=InnoDB DEFAULT CHARSET=utf8mb4 COLLATE=utf8mb4_0900_ai_ci;
/*!40101 SET character_set_client = @saved_cs_client */;

--
-- Dumping data for table `User_Visit`
--

LOCK TABLES `User_Visit` WRITE;
/*!40000 ALTER TABLE `User_Visit` DISABLE KEYS */;
/*!40000 ALTER TABLE `User_Visit` ENABLE KEYS */;
UNLOCK TABLES;

--
-- Table structure for table `Users`
--

DROP TABLE IF EXISTS `Users`;
/*!40101 SET @saved_cs_client     = @@character_set_client */;
/*!50503 SET character_set_client = utf8mb4 */;
CREATE TABLE `Users` (
  `username` varchar(50) NOT NULL,
  `first_name` varchar(50) NOT NULL,
  `last_name` varchar(50) NOT NULL,
  `pwd` varchar(255) NOT NULL,
  `email` varchar(255) DEFAULT NULL,
  `age` int DEFAULT NULL,
  `home_city` varchar(50) DEFAULT NULL,
  PRIMARY KEY (`username`)
) ENGINE=InnoDB DEFAULT CHARSET=utf8mb4 COLLATE=utf8mb4_0900_ai_ci;
/*!40101 SET character_set_client = @saved_cs_client */;

--
-- Dumping data for table `Users`
--

LOCK TABLES `Users` WRITE;
/*!40000 ALTER TABLE `Users` DISABLE KEYS */;
/*!40000 ALTER TABLE `Users` ENABLE KEYS */;
UNLOCK TABLES;
SET @@SESSION.SQL_LOG_BIN = @MYSQLDUMP_TEMP_LOG_BIN;
/*!40103 SET TIME_ZONE=@OLD_TIME_ZONE */;

/*!40101 SET SQL_MODE=@OLD_SQL_MODE */;
/*!40014 SET FOREIGN_KEY_CHECKS=@OLD_FOREIGN_KEY_CHECKS */;
/*!40014 SET UNIQUE_CHECKS=@OLD_UNIQUE_CHECKS */;
/*!40101 SET CHARACTER_SET_CLIENT=@OLD_CHARACTER_SET_CLIENT */;
/*!40101 SET CHARACTER_SET_RESULTS=@OLD_CHARACTER_SET_RESULTS */;
/*!40101 SET COLLATION_CONNECTION=@OLD_COLLATION_CONNECTION */;
/*!40111 SET SQL_NOTES=@OLD_SQL_NOTES */;

-- Dump completed on 2025-12-15 11:38:01
